id,status,brand,thumbnail,title,sale_price,short_desc,long_desc,slug
2,PRIVATE,40,https://www.majafarm.mk/media/products/2023/12/20/HERBION.jpg,Хербион сируп исландски лишај,198,"<p>Хербион сирупот од исландски лишај се препорачува за&nbsp;<strong>сува и надразнителна кашлица, засипнатост и болно грло</strong>.</p>","<p><strong>Состав:</strong>&nbsp;Хербион сирупот од исландски лишај содржи: екстракт од исландски лишај. Има природен вкус на лимон.&nbsp;Не содржи шеќер, туку сорбитол од природно потекло.</p>

<p><strong>Употреба:</strong></p>

<ul>
	<li>Возрасни и деца над 16 години: 15 мл&nbsp;од сирупот 4 пати на ден</li>
	<li>Деца на возраст од 10 до 16 години: 10 мл&nbsp;од сирупот 4 пати на ден</li>
	<li>Деца на возраст од 4 до 10 години: 5 мл&nbsp;од сирупот 4 пати на ден</li>
	<li>Деца на возраст од 1 до 4 години: 2.5 мл&nbsp;од сирупот 4 пати на ден</li>
	<li>Деца и бебиња помали од 1 година: не се препорачува</li>
</ul>",herbion-sirup-islandski-lishaj
3,PRIVATE,40,https://www.majafarm.mk/media/products/2023/12/20/Herbion_ivy_syrup_Ivy_leaf_dry_extract_syrup_150_ml_MKD_web.png,Хербион сируп бршлен,198,"<p>Хербион сирупот од бршлен се препорачува како експекторанс при продуктивна кашлица. Наменет е и за најмалите деца над 2 години (2+).</p>

<p>Хербион сирупот од бршлен ја поттикнува бронхијалната секреција и на тој начин го олеснува искашлувањето. Исто така, ги шири бронхиите.</p>

<p><strong>Пакување:</strong>&nbsp;150 мл</p>","<p><strong>Состав:&nbsp;</strong>сув екстракт од лист од бршлен. Хербион сирупот од бршлен има природен вкус на мелем од лимон. Не содржи шеќер, туку сорбитол од природно потекло.</p>

<p><strong>Употреба:</strong></p>

<ul>
	<li>Возрасни и деца над 12 години: 5 мл&nbsp;до 7.5 мл&nbsp;од сирупот 2 пати на ден</li>
	<li>Деца на возраст од 6 до 12 години: 5 мл&nbsp;од сирупот 2 пати на ден</li>
	<li>Деца на возраст од 2 до 5 години: 2.5 мл&nbsp;од сирупот 2 пати на ден</li>
	<li>Деца помали од 2 години: не се препорачува</li>
	<li>Сирупот треба да се зема наутро и напладне.</li>
</ul>",herbion-sirup-brshlen
4,PRIVATE,41,https://www.majafarm.mk/media/products/2023/12/20/mukoplant-tegavec-sirup-100ml.jpg,"DR. THEISS Мукоплант тегавец сируп, 100 мл",228,"<p>Сирупот Мукоплант тегавец, против кашлица е традиционален хербален лек кој формира заштититен филм врз слузницата на устата и грлото и ја ублажува иритацијата и воспалението (демулсент).</p>

<p>Се користи за симптоматски третман на иритации на устата или грлото &nbsp;пидружени со сува кашлица.</p>

<p><strong>Пакување</strong>: 100 мл</p>","<p><strong>Состав</strong>: Активна супстанција е течен екстракт од лист од тегавец. Секој мл од сирупот содржи 64 мг течен екстракт од лист од тегавец (1:1). Средство за екстракција: етанол 20% (м/м).</p>

<p>*Помошни супстанции се сируп од шеќерна репка, шеќер (сируп од инвертен шеќер), мед, калиум сорбат, етерично масло од питомо нане, вода, прочистена.</p>

<p><strong>Употреба:&nbsp;</strong></p>

<p>Адолесценти (12-18 години), возрасни и стари лица 15 мл сируп (1 супена лажица) 3 до 4 пати на ден во еднакви интервали помеѓу дозите (вкупната дневна доза е 45-60 мл).</p>

<p><strong>Педијатриска популација</strong>:</p>

<p>Деца помеѓу 5-11 години: 15 мл сируп (1 супена лажица) 2 до 3 пати на ден во еднакви интервали помеѓу дозите (вкупната дневна доза е 30-45 мл).</p>

<p>Деца помеѓу 3-4 години: 10 мл сируп (2 чајни лажици) 2 до 3 пати на ден во еднакви интервали помеѓу дозите (вкупната дневна доза е 20-30 мл).</p>

<p>Не се препорачува употреба на сирупот кај деца помали од 3 години.&nbsp;</p>

<p><strong>Начин на употреба</strong>: За пиење.</p>

<p>Безбедноста за време на бременост и доење не е докажана.</p>",dr-theiss-mukoplant-tegavec-sirup-100-ml
5,PRIVATE,41,https://www.majafarm.mk/media/products/2023/12/20/mukoplant-tegavec-sirup-250ml.jpg,"Мукоплант тегавец, сируп 250мл",335,"<p>Сирупот Мукоплант тегавец, против кашлица е традиционален хербален лек кој формира заштититен филм врз слузницата на устата и грлото и ја ублажува иритацијата и воспалението (демулсент) Се користи за симптоматаски третман на иритации на устата или грлото пидружени со сува кашлица. Пакување: 250 мл</p>","<p>Состав: активна супстанца е течен екстракт од лист од тегавец. Секој мл од сирупот содржи 64 мг течен екстракт од лист од тегавец (1:1). Средство за екстракција: етанол 20% (м/м). Помошни супстанции се сируп од шеќерна репка, шеќер (сируп од инвертен шеќер), мед, калиум сорбат, етерично масло од питомо нане, вода, прочистена. Употреба: Препорачанa дозa Адолесценти (12-18 години), возрасни и стари лица: 15 мл сируп (1 супена лажица) 3 до 4 пати на ден во еднакви интервали помеѓу дозите (вкупната дневна доза е 45-60 мл). Педијатриска популација: Деца помеѓу 5-11 години: 15 мл сируп (1 супена лажица) 2 до 3 пати на ден во еднакви интервали помеѓу дозите (вкупната дневна доза е 30-45 мл). Деца помеѓу 3-4 години: 10 мл сируп (2 чајни лажици) 2 до 3 пати на ден во еднакви интервали помеѓу дозите (вкупната дневна доза е 20-30 мл). Не се препорачува употреба на сирупот кај деца помали од 3 години. Начин на употреба: За пиење.</p>",mukoplant-tegavec-sirup-250ml
21,PRIVATE,50,https://www.majafarm.mk/media/products/2024/01/20/1655204918plivit-d-2000-iu-sprej-za-peroralna-upotreba-10ml-.jpg,Plivit D 2000 IU спреј за перорална употреба 10ml,325,"<p>Plivit D 2000 IU спреј за перорална употреба 10ml.</p>

<p>Витаминот Д допринесува за нормална функција на имуниот систем, коските и мускулите.</p>

<p>1 притискување на спрејот содржи 2000 IU D3.</p>

<p>Пред употребата на лекот внимателно прочитајте го упатството!<br />
За ризикот и несаканите дејства советувајте се со лекар или фармацевт.</p>",,plivit-d-2000-iu-sprej-za-peroralna-upotreba-10ml
6,PRIVATE,27,https://www.majafarm.mk/media/products/2023/12/20/1683802847sperginn-forte-kjesichki-12-kjesichki-1.jpg,"SPERGINN Forte ќесички, 12 ќесички",1385,"<p>SPERGINN Forte ќесички, 12 ќесички. Моќна формулација за подобрување на машкото репродуктивно здравје &ndash; Моќна формулација за јакнење на машкото репродуктивно здравје &ndash; Докажано зголемува квалитет, број и подвижност на сперматозоидите &ndash; Придонесува за плодност и одржување на нормално ниво на тестостерон во крвта &ndash; Комплементарен на хормонската терапија &ndash; Ефикасен при третман на еректилна дисфункција &ndash; Заштита на клетките од оксидативен стрес &ndash; Комфорно дозирање, еднаш дневно Активни состојки: 1 кесичка: L-аргинин 2500 mg, таурин 500 mg, витамин Ц (L-аскорбинска киселина) 180 mg, коензим Q10 200 mg, витамин Е (D-алфа-токоферилацетат) 30 mg, цинк (цинк-L-пидолат) 1,5 mg.</p>","<p>Дозирање &ndash; употреба: 1 кесичка на ден, да се раствори во 200 ml вода.</p>",sperginn-forte-kjesichki-12-kjesichki
23,PRIVATE,50,https://www.majafarm.mk/media/products/2024/01/20/1675328301plivit-c-50mg-tableti-za-deca-30-tableti-1-900x900-pad.jpg,"Plivit C 50mg таблети за деца, 30 таблети",68,"<p>Plivit C 50mg таблети, 30 таблети. Опис: Пливит Ц таблети се користат за превенција и лекување на скорбут и при недостаток на витамин Ц во организмот (хиповитаминоза). Состав: Пливит Ц таблети содржат аскорбинска киселина (витамин Ц).</p>",,plivit-c-50mg-tableti-za-deca-30-tableti
7,PRIVATE,42,https://www.majafarm.mk/media/products/2023/12/20/1655045324novalac-prenatal-kapsuli30-kapsuli-1.jpg,"Novalac PRENATAL капсули,30 капсули",890,"<p>Novalac PRENATAL капсули,30 капсули.</p>

<p>Novalac Prenatal капсулите се производ од најновата генерација за жени кои планираат бременост, за бремени жени и доилки. Со само една капсула на ден, ги задоволуваме зголемените дневни потреби за сите клучни хранливи материи кои придонесуваат за здрав развој на доенчето.<br />
<br />
Novalac Prenatal капсулите се карактеризираат со иновативен состав:<br />
<br />
&nbsp;&nbsp; - активен облик на фолна киселина Quatrefolic&reg;, која го намалува ризикот од оштетување на невралната цевка кај доенчето<br />
&nbsp;&nbsp;&nbsp; железо Lipofer&reg;, кое ја намалува иритацијата на желудникот<br />
&nbsp;&nbsp;&nbsp; ДХА, која овозможува правилен развој на мозокот и видот кај доенчето<br />
&nbsp;&nbsp;&nbsp; други важни витамини и минерали<br />
&nbsp;&nbsp;&nbsp; во само 1 капсула на ден<br />
<br />
Novalac Prenatal капсулите не содржат лактоза, глутен или ГМО.<br />
Препорачана употреба и предупредување: Се препорачува да се започне со употреба на Novalac Prenatal капсулите уште при планирањето на бременост (најмалку 3 месеци пред зачнување) и да се продолжи во текот на целата бременост и до крајот на доењето. Доволно е само 1 капсула на ден. Капсулата треба да се проголта цела со чаша вода. Препорачаната дневна доза не смее да се надмине. Додатоците на исхрана не се замена за балансирана исхрана.</p>",,novalac-prenatal-kapsuli30-kapsuli
8,PRIVATE,43,https://www.majafarm.mk/media/products/2023/12/20/1653914173feroglobin-b12-kapsuli-za-vozrasni-30-kapsuli-1-900x900-pad.jpg,"Feroglobin B12 капсули за возрасни, 30 капсули",755,"<p>Feroglobin B12 капсули за возрасни,30 капсули. Пред употребата на лекот внимателно прочитајте го упатството! За ризикот и несаканите дејства советувајте се со лекар или фармацевт.</p>",,feroglobin-b12-kapsuli-za-vozrasni-30-kapsuli
9,PRIVATE,44,https://www.majafarm.mk/media/products/2023/12/21/1654242761neuroforte-tableti-za-vozrasni-1-900x900-pad.jpg,Neuroforte таблети за возрасни,945,"<p>Neuroforte таблети за возрасни,30 таблети. Пред употребата на лекот внимателно прочитајте го упатството! За ризикот и несаканите дејства советувајте се со лекар или фармацевт.</p>",,neuroforte-tableti-za-vozrasni
10,PRIVATE,44,https://www.majafarm.mk/media/products/2023/12/21/1653915025haemovit-plus-kapsuli-za-vozrasni-1-900x900-pad.jpg,Haemovit Plus капсули за возрасни,925,"<p>Haemovit Plus капсули за возрасни,30 капсули. Пред употребата на лекот внимателно прочитајте го упатството! За ризикот и несаканите дејства советувајте се со лекар или фармацевт.</p>",,haemovit-plus-kapsuli-za-vozrasni
22,PRIVATE,50,https://www.majafarm.mk/media/products/2024/01/20/1655385019plivit-b-forte-kapsuli-60-kapsuli-1-900x900-pad.jpg,"Plivit B Forte капсули, 60 капсули",199,"<p>Plivit B Forte капсули, 60 капсули. Витамини B-complex. Пред употребата на лекот внимателно прочитајте го упатството! За ризикот и несаканите дејства советувајте се со лекар или фармацевт.</p>",,plivit-b-forte-kapsuli-60-kapsuli
49,PRIVATE,60,https://www.majafarm.mk/media/products/2024/01/30/1654002713magnesium-400b-complex-direkt-kesichki-1-900x900-pad.jpg,"Magnesium 400+B complex директ ќесички, 20 ќесички",240,"<p>Magnesium 400+B complex директ кесички, 20 кесички со вкус грејпфрут. Пред употребата на лекот внимателно прочитајте го упатството! За ризикот и несаканите дејства советувајте се со лекар или фармацевт.</p>",,magnesium-400b-complex-direkt-kjesichki-20-kjesichki
52,PRIVATE,57,https://www.majafarm.mk/media/products/2024/01/30/accu-chek-instant.webp,Accu-Chek Instant – Апарат за мерење шеќер во крвта со 100 ленти,2300,"<p>Accu-Chek Instant &ndash; Апарат за мерење шеќер во крвта со 100 ленти Се користи само со тест ленти Accu-Chek Instant. Содржина во пакувањето : &ndash; Мерач Accu-Chek Instant, со батерија тип Lithium CR 2032 &ndash; 100 тест ленти Accu-Chek Instant &ndash; 10 ланцети &ndash; Уред за боцкање &ndash; Торбичка за носење</p>",,accu-chek-instant-aparat-za-merenje-shekjer-vo-krvta-so-100-lenti
61,PRIVATE,64,https://www.majafarm.mk/media/products/2024/02/26/1655189472regulex-kapsuli-za-vozrasni-30-kapsuli-1-900x900-pad.jpg,"Regulex капсули за возрасни, 30 капсули",550,"<p>Regulex капсули за возрасни, 30 капсули. Екстракт од медицински печурки. Има корисен ефект во регулирање на нивото на гликоза, спречува компликации од дијабетес. Препорачана доза:2 капсули на ден првите месец дена, после по 1 капсула на ден. Пред употребата на лекот внимателно прочитајте го упатството! За ризикот и несаканите дејства советувајте се со лекар или фармацевт.</p>",,regulex-kapsuli-za-vozrasni-30-kapsuli
11,PRIVATE,45,https://www.majafarm.mk/media/products/2023/12/21/askorvita-maks_LxjmKOR.jpg,Аскорвита макс обложени таблети,410,"<p>Ascorvita MAX Vitamin C 1000mg,Vitamin D 2000IU,Cink 10mg таблети за возрасни,30 таблети. Производот Аскорвита Макс, обложени таблети е храна за посебни медицински намени со Витамини Ц и Д и со цинк, наменета за потребите на исхрана кај лица со ослабен имунитет и одржување на здравјето и функцијата на имунолошкиот систем, мускулите, коските и зглобовите. За диететско регулирање кај лица со остеопенија, остеопороза, автоимуни, кардиоваскуларни, малигни болести и други состојби и болести кај кои е неопходен надомест на витамин Д. Таблета со модифициран систем на ослободување -MRS&trade;, овозможува ослободување на Витаминот Ц во тек на подолг временски период. Таблетите се состојат од два слоја &ndash; Првиот слој на таблетата го карактеризира брзото ослободување на Витаминот Ц. Вториот слој се карактеризира со постепено ослободување на Витаминот Ц. Благодарение на ова, концентрацијата на Витаминот Ц во организмот останува стабилна повеќе часа. ПАКУВАЊЕ: 30 обложени таблети (блистер 2 x 15)/кутија. Пред употребата на лекот внимателно прочитајте го упатството! За ризикот и несаканите дејства советувајте се со лекар или фармацевт.</p>","<p>Употреба: Возрасни и стари лица: да испијат 1 таблета на ден, со доволно вода.</p>",askorvita-maks-oblozheni-tableti
12,PRIVATE,43,https://www.majafarm.mk/media/products/2023/12/21/1689334339neurozan-original-tableti-30-tableti-1-900x900-pad.jpg,"Neurozan original таблети, 30 таблети",1185,"<p>Neurozan original таблети, 30 таблети. Напредна формула за оптимални мозочни перформанси. Во себе содржи екстракт од гинко билоба, 5-хтп, л-аргинин, л-глутамин, л-глутатион, коензим Q10, фосфатидилсерин, фосфатидилхолин, бета каротен и плус 18 други хранливи компоненти кои синергистички делуваат во потхранување на нервниот систем. Neurozan обезбедува сеопфатна формула за заштита на вашиот внес на важни хранливи состојки за здравјето, виталност и важни хранливи состојки со цел да помогнат во нормалните когнитивни функции. Ментални перформанси: Железото, цинкот и јодот придонесуваат за нормална когнитивна функција плус пантотенската киселина, што придонесува за нормални ментални перформанси. Нервен систем: Витаминот Б6, ниацинот (вит. Б3) и витаминот Ц придонесуваат за нормално функционирање на нервниот систем. Психолошки функции: Витамините Б12, Б6, тиаминот (вит. Б1), фолната киселина, витаминот Ц и магнезиумот придонесуваат за нормална психолошка функција.</p>",<p>Употреба: една таблета дневно со главниот оброк.</p>,neurozan-original-tableti-30-tableti
13,PRIVATE,43,https://www.majafarm.mk/media/products/2023/12/21/1654179332visionace-kapsuli-za-vozrasni-1-900x900-pad.jpg,VISIONACE капсули за возрасни,875,"<p>VISIONACE капсули за возрасни,30 капсули. Пред употребата на лекот внимателно прочитајте го упатството! За ризикот и несаканите дејства советувајте се со лекар или фармацевт.</p>",,visionace-kapsuli-za-vozrasni
14,PRIVATE,40,https://www.majafarm.mk/media/products/2023/12/21/1653909911septolete-total-pastili-za-grlo-16-pastili-1-900x900-pad.jpg,"Septolete total пастили за грло, 16 пастили",184,"<p>Septolete total пастили за грло, 16 пастили. Пред употребата на лекот внимателно прочитајте го упатството! За ризикот и несаканите дејства советувајте се со лекар или фармацевт.</p>",,septolete-total-pastili-za-grlo-16-pastili
15,PRIVATE,40,https://www.majafarm.mk/media/products/2023/12/21/1653911507septanazal-sprej-za-vozrasni-10ml-1.jpg,SeptaNazal спреј за возрасни 10ml,173,<p>SeptaNazal спреј за возрасни 10ml. Пред употребата на лекот внимателно прочитајте го упатството! За ризикот и несаканите дејства советувајте се со лекар или фармацевт.</p>,,septanazal-sprej-za-vozrasni-10ml
16,PRIVATE,40,https://www.majafarm.mk/media/products/2023/12/21/1654860827septanazal-sprej-za-deca-10ml-1-900x900-pad.jpg,SeptaNazal спреј за деца 10ml,173,<p>SeptaNazal спреј за деца 10ml. Пред употребата на лекот внимателно прочитајте го упатството! За ризикот и несаканите дејства советувајте се со лекар или фармацевт.</p>,,septanazal-sprej-za-deca-10ml
17,PRIVATE,48,https://www.majafarm.mk/media/products/2023/12/21/1655280656epineuron-tableti-za-vozrasni-30-tableti-1-900x900-pad.jpg,"EpiNeuron таблети за возрасни, 30 таблети",1345,"<p>EpiNeuron таблети за возрасни, 30 таблети. Пред употребата на лекот внимателно прочитајте го упатството! За ризикот и несаканите дејства советувајте се со лекар или фармацевт.</p>",,epineuron-tableti-za-vozrasni-30-tableti
18,PRIVATE,48,https://www.majafarm.mk/media/products/2023/12/21/1655977513innopea-kjesichki-za-vozrasni-15-kjesichki-1-900x900-pad.jpg,"INNOPEA ќесички за возрасни, 15 ќесички",733,"<p>NNOPEA ќесички за возрасни, 15 ќесички. Единствена формулација за третман на болка и воспаление. INNOPEA&reg; претставува додаток на исхрана со палмитоилетаноламид и витамини од Б групата кои придонесуваат за нормална функција на нервниот и имунолошкиот систем, нормална психолошка функција, како и во намалување на заморот и исцрпеноста. INNOPEA&reg; благодарение на специфичната патентирана формулација придонесува во намалување на оксидативниот стрес кај хронични болни и воспалителни состојби, стимулација на имуниот систем и побрзо закрепнување на организмот. Состав Активни состојки: 1 кесичка (2g) Levagen&reg;+ 350 mg (од кои палмитоилетаноламид 315 mg) Витамин Б1 (тиамин-хидрохлорид) 0,55 mg Витамин Б6 (пиридоксин-хидрохлорид) 0,70 mg Витамин Б12 (метилкобаламин) 1,25 &mu;g INNOPEA&reg; 350 mg :::: Стандардна РЕА 600 mg Терапевтски ефекти Редукција на акутни и хронични воспаленија Намалување на интензитетот на акутна и хронична невропатска болка Регулација на имуниот одговор Заштита на нервниот систем Оптимизација на когнитивните функции Подобрување на квалитетот на живот Зошто INNOPEA&reg;? Ефикасно го намалува интензитетот на акутна и хронична болка и воспаление Уникатниот фармацевтски облик обезбедува брз почеток на дејство Помала доза остварува подобар терапевтски ефект Го штити нервниот систем и го подобрува квалитетот на живот Добро се поднесува, без несакани ефекти Комфорна примена, 1-2 кесички дневно Индикации INNOPEA&reg; е корисна во намалување на симптомите кај заболувања кои се проследени со невропатска болка, невроинфламација и невродегенерација. - Болни и воспалителни состојби на периферен и централен нервен систем -Невродегенеративни болести -Невропатска или мешана болка предизвикана од канцер и хемотерапија -Хронични инфламаторни и дегенеративни заболувања -Нарушувања на спиењето Начин на употреба Возрасни: Растворете ја содржината од кесичката во чаша вода и испијте ја, или содржината од кесичката растопете ја директно во уста, без додавање на течности, наутро и навечер во првите 15 дена. После тоа, да се продолжи со употреба на една кесичка, еднаш дневно.</p>",,innopea-kjesichki-za-vozrasni-15-kjesichki
19,PRIVATE,49,https://www.majafarm.mk/media/products/2023/12/21/1653982221prostamol-uno-kapsuli-za-vozrasni-30-kapsuli-1-900x900-pad.jpg,"Prostamol UNO капсули за возрасни, 30 капсули",750,"<p>Prostamol UNO капсули за возрасни,30 капсули. Пред употребата на лекот внимателно прочитајте го упатството! За ризикот и несаканите дејства советувајте се со лекар или фармацевт.</p>",,prostamol-uno-kapsuli-za-vozrasni-30-kapsuli
20,PRIVATE,18,https://www.majafarm.mk/media/products/2023/12/21/1654004330leviker-tableti-za-vozrasni-1-900x900-pad.jpg,Leviker таблети за возрасни,925,"<p>Leviker таблети за возрасни,30 таблети. Пред употребата на лекот внимателно прочитајте го упатството! За ризикот и несаканите дејства советувајте се со лекар или фармацевт.</p>",,leviker-tableti-za-vozrasni
24,PRIVATE,,https://www.majafarm.mk/media/products/2024/01/20/1689339042synosteo-kjesichki-30-kjesichki-1-900x900-pad.jpg,"Synosteo ќесички, 30 ќесички",1085,"<p>Synosteo ќесички, 30 ќесички.</p>

<p>Состав:</p>

<p>-Kalcijum (citrat 500mg + laktat 300mg) 800mg<br />
-Vitamin D3 (holekalciferol) 20&mu;g<br />
-Vitamin K2 (menahinon) 45&mu;g</p>

<p>Има пријатен портокалов вкус - многу од постоечките формулации немаат пријатен вкус и не можат да се толерираат од пациентите.<br />
Содржи витамин К2-7 &ndash; витаминот К2 го спречува формирањето на артериска калцификација и го подобрува здравјето на коските со зголемување на коскената маса и намалување на загубата на коскената маса (преку остеокалцин карбоксилација).<br />
Се прави без глутен и лактоза.<br />
Може да се користи како монотерапија кај остеопенија или остеопороза или како комбинирана терапија во третманот на остеопороза со други лекови.<br />
Повеќето додатоци на калциум содржат калциум карбонат. Оваа форма на калциум не е сварлива и мора да се внесува со храна.</p>

<p>&nbsp;</p>",,synosteo-kjesichki-30-kjesichki
34,PRIVATE,54,https://www.majafarm.mk/media/products/2024/01/27/1653672013tylol-hot-kesichki-za-vozrasni-1-900x900-pad.jpg,Tylol hot кесички за возрасни,25,"<p>Tylol hot кесички за возрасни, 12 монодозни кесички. Секоја кесичка од 20г содржи 500мг парацетамол, 4мг хлорфенирамин малеат, 60мг псеудоефедрин HCL, натриум бензоат: кинолин жолта како боја, сахароза како засладувач, прашок со вкус на лимон како ароматично средство. Пред употребата на лекот внимателно прочитајте го упатството! За ризикот и несаканите дејства советувајте се со лекар или фармацевт.</p>",<p>Употреба: Да се зема на секои 6 часа. Препорачана дневна доза 4 ќесички дневно</p>,tylol-hot-kesichki-za-vozrasni
28,PRIVATE,51,https://www.majafarm.mk/media/products/2024/01/20/1686588714calciumvitamin-d3k-tableti-za-vozrasni-30-tableti-1-900x900-pad.jpg,"Calcium+Vitamin D3+K таблети за возрасни, 30 таблети",485,"<p>Calcium+Vitamin D3+K таблети за возрасни, 30 таблети. За одржување на здравјето на коските и забите. Калциум во комбинација со витамин Д3 и витамин К за да се зголеми фиксацијата на калциумот во коските. Важен за силни коски, мускули и нерви. Пред употребата на лекот внимателно прочитајте го упатството! За ризикот и несаканите дејства советувајте се со лекар или фармацевт.</p>",,calciumvitamin-d3k-tableti-za-vozrasni-30-tableti
29,PRIVATE,53,https://www.majafarm.mk/media/products/2024/01/27/1653910318angal-sprej-za-grlo-30ml-1-900x900-pad.jpg,Angal спреј за грло 30ml,255,<p>Angal спреј за грло 30ml. Пред употребата на лекот внимателно прочитајте го упатството! За ризикот и несаканите дејства советувајте се со лекар или фармацевт. Lek</p>,,angal-sprej-za-grlo-30ml
30,PRIVATE,41,https://www.majafarm.mk/media/products/2024/01/27/1654334692angi-sept-zalfija-pastili-za-grlo24-pastili-1-900x900-pad.jpg,"Angi Sept жалфија пастили за грло,24 пастили",188,"<p>Angi Sept жалфија пастили за грло,24 пастили. Пред употребата на лекот внимателно прочитајте го упатството! За ризикот и несаканите дејства советувајте се со лекар или фармацевт.</p>",,angi-sept-zhalfija-pastili-za-grlo24-pastili
31,PRIVATE,40,https://www.majafarm.mk/media/products/2024/01/27/1653909911septolete-total-pastili-za-grlo-16-pastili-1-900x900-pad.jpg,"Septolete total пастили за грло, 16 пастили",184,"<p>Septolete total пастили за грло, 16 пастили. Пред употребата на лекот внимателно прочитајте го упатството! За ризикот и несаканите дејства советувајте се со лекар или фармацевт.</p>",,septolete-total-pastili-za-grlo-16-pastili-1
32,PRIVATE,40,https://www.majafarm.mk/media/products/2024/01/27/1653910022septolete-total-pastili-za-grlo-limon-i-bozel-1-900x900-pad.jpg,Septolete total пастили за грло лимон и бозел,184,"<p>Septolete total пастили за грло лимон и бозел, 16 пастили. Пред употребата на лекот внимателно прочитајте го упатството! За ризикот и несаканите дејства советувајте се со лекар или фармацевт.</p>",,septolete-total-pastili-za-grlo-limon-i-bozel
33,PRIVATE,40,https://www.majafarm.mk/media/products/2024/01/27/1653909969septolete-total-pastili-za-grlo-limon-i-med-1-900x900-pad.jpg,Septolete total пастили за грло лимон и мед,184,"<p>Septolete total пастили за грло лимон и мед, 16 пастили. Пред употребата на лекот внимателно прочитајте го упатството! За ризикот и несаканите дејства советувајте се со лекар или фармацевт.</p>",,septolete-total-pastili-za-grlo-limon-i-med
50,PRIVATE,53,https://www.majafarm.mk/media/products/2024/01/30/1655279824lekadol-combo-kesichki-za-vozrasni10-monodozni-kjesichki-1_8oPYMxL.jpg,"Lekadol Combo кесички за возрасни,10 монодозни ќесички",270,"<p>Lekadol Combo кесички за возрасни,10 монодозни ќесички. Состав 500mg paracetamol/12.2 mg phenylephrine hydrochloride. Пред употребата на лекот внимателно прочитајте го упатството! За ризикот и несаканите дејства советувајте се со лекар или фармацевт.</p>",,lekadol-combo-kesichki-za-vozrasni10-monodozni-kjesichki
92,PRIVATE,53,https://www.majafarm.mk/media/products/2024/02/27/1653982727linex-junior-kesichki-za-deca-10-monodozni-kjesichki-1-900x900-pad.jpg,"Linex junior кесички за деца, 10 монодозни ќесички",370,"<p>Linex junior за деца, 10 монодзони кесички. Пред употребата на лекот внимателно прочитајте го упатството! За ризикот и несаканите дејства советувајте се со лекар или фармацевт.</p>",,linex-junior-kesichki-za-deca-10-monodozni-kjesichki
35,PRIVATE,55,https://www.majafarm.mk/media/products/2024/01/27/1653670511fervex-kesichki-za-vozrasni-8-monodozni-kjesichki-1-900x900-pad.jpg,"Fervex кесички за возрасни, 8 монодозни ќесички",35,"<p>Fervex кесички за возрасни, 8 монодозни кесички. Fervex за возрасни е наменет за третман на настинка, воспаление на слузницата на носот (ринит), воспаление на слузницата на носот и грлото (ринофарингит) и состојби слични на грип (бистар исцедок од носот, кивање, солзење), главоболка и/или покачена температура кај возрасни и деца над 15 годишна возраст. Состав: Активни компоненти: парацетамол 500mg, витамин Ц 250mg, фенирамин малеат 25mg Останати состојки: природна арома од есенцијални масла од лимон, цимет и каранфилче, природни екстракти од рум, ванила и карамел, сахароза. Напомена: оваа формулација содржи сахароза како засладувач. За дијабетичари и лица кои избегнуваат внес на шеќери се препорачува формулацијата Fervex без шеќер која ги содржи истите активни компоненти и аспартам како засладувач. Пред употребата на лекот внимателно прочитајте го упатството. За ризикот и несаканите дејства советувајте се со лекар или фармацевт.</p>","<p>Употреба: Дозирање и начин на употреба: Вообичаено дозирање: 1 кесичка 2-3 пати на ден. Интервалот помеѓу дозите треба да биде најмалку 4 часа. Кај лица кои имаат нарушена бубрежна функција интервалот меѓу две дози треба да е најмалку 8 часа. Содржината на кесичката се раствора во чаша (200 ml) со топла или ладна вода. Препорачливо е да е водата топла, но да не преминува 60&deg;C. Времетраење на употреба: 3-5 дена. Ако не се забележи олеснување на симптомите по 5 дневна употреба на препаратот, пациентот треба да се консултира со лекар. Мерка на претпазливост: употребата на лекот може да предизвика поспаност. При примена не треба да возите или да ракувате со машини. Мерка на претпазливост: Употребата на лекот може да предизвика поспаност. При примена не треба да возите или да ракувате со машини.</p>",fervex-kesichki-za-vozrasni-8-monodozni-kjesichki
36,PRIVATE,43,https://www.majafarm.mk/media/products/2024/01/27/1677837501immunace-tableti-30-tableti-1-900x900-pad.jpg,"IMMUNACE таблети, 30 таблети",785,"<p>IMMUNACE таблети, 30 таблети. Immunace Original ги содржи сите витамини и минерали неопходни за правилно функционирање на имунолошкиот систем. Голема доза на витамин Д (10 мкг, 200% од препорачаната дневна доза), 150 мг витамин Ц, 15 мг цинк и 180 (г (327% PU) селен ја формираат оптималната комбинација што укажува на се повеќе истражувања е важно за правилен одговор на имунолошкиот систем со текот во време на епидемии. Immunace Original со само една таблета на ден ги обезбедува сите хранливи материи за кои има недвосмислен доказ за важноста за нормалното функционирање на имунолошкиот систем. Immunace Original содржи и витамин К, кој придонесува за нормално згрутчување на крвта. Проблеми поради формирање на згрутчување на крвта се забележани кај поголем број пациенти, дури и помлади возрасни групи, позитивни за новиот коронавирус. Во прилог на витамини и минерали, овој производ содржи потпорни аминокиселини и биофлавоноиди. Аминокиселината Л-цистеин во комбинација со витамин Д значително влијае на соодветното ниво на 25 OH вредности (статус на витамин Д) во крвта и ги намалува воспалителните процеси. Immunace Original е додаток во исхраната формулиран врз основа на релевантно истражување за влијанието на одредени микроелементи, витамини и минерали, врз функцијата на имунолошкиот систем.</p>",<p>Употреба: Едба таблета дневно со или веднаш по Вашиот главен оброк со полна чаша вода или студен напиток.</p>,immunace-tableti-30-tableti
37,PRIVATE,56,https://www.majafarm.mk/media/products/2024/01/27/1653993520now-omega-3-1000-mg-kapsuli-za-vozrasni100-kapsuli-1.jpg,"NOW Omega-3 1000 mg капсули за возрасни,100 капсули",745,"<p>Omega-3 1000 mg капсули за возрасни,100 капсули. Оmega-3 е есенцијална масна киселина неопходна за целокупното здравје и за растот и развојот низ сите фази на животот на човекот. Наречени се есенцијални бидејќи организмот не може да ги создаде самиот и мора да се добијат од храната или додатоците во исхрана. Тие се главни состојќи на клеточните мембрани, неопходни се за клеточна регенерација и репродукција, а хормоните, кои ги покренуваат сите функции во организмот, не може да се произведат без нив. Полезности: 1, DHA: -придонесува во одржување на нормален вид -придонесува во одржување на нормален вид кај новороденчиња до 12 месеци -придонесува за нормален развој на мозокот кај фетусот и доенчињата -придонесува за нормален развој на очите кај фетусот и доенчињата 2,DHA/EPA: -придонесуваат во одржувањето на нормален крвен притисок -придонесуваат во одржувањето на нормално ниво на триглицериди во крвта -придонесуваат во одржувањето на нормална функција на срцето Препорака за употреба: Како додаток во исхраната, земете 2 капсули 2 пати дневно со храна. Пред употребата на лекот внимателно прочитајте го упатството! За ризикот и несаканите дејства советувајте се со лекар или фармацевт.</p>",,now-omega-3-1000-mg-kapsuli-za-vozrasni100-kapsuli
51,PRIVATE,57,https://www.majafarm.mk/media/products/2024/01/30/accu-chek-active.webp,"ACCU-CHEK Active апарат за мерење на шеќер во крв+ ACCU-CHEK Active ленти, 100 ленти",2200,"<p>ACCU-CHEK Active апарат за мерење на шеќер во крв+ ACCU-CHEK Active ленти, 100 ленти</p>",,accu-chek-active-aparat-za-merenje-na-shekjer-vo-krv-accu-chek-active-lenti-100-lenti
56,PRIVATE,48,https://www.majafarm.mk/media/products/2024/01/30/1655204816nattokinn-kapsuli-za-vozrasni-30-kapsuli-1.jpg,"NATTOKINN капсули за возрасни, 30 капсули",1398,"<p>NATTOKINN капсули за возрасни, 30 капсули. Прв природен орален фибринолитик - Прв природен орален фибринолитик - Разградува крвни тромби и блокира слепување на тромбоцити - Намалува степен на атеросклероза и крвен притисок - Го штити нервниот систем - Безбеден за употреба, без несакани ефекти Активни состојки Натокиназа NSK-SD&reg; 2.000 FU/g 100 mg (екстракт од ферментирана соја), Фолна киселина (калциум-Л-метилфолат) 200 &mu;g.</p>",<p>Дозирање - употреба 1-2 капсули дневно со 200 ml вода. INNventa</p>,nattokinn-kapsuli-za-vozrasni-30-kapsuli
62,PRIVATE,65,https://www.majafarm.mk/media/products/2024/02/26/1655278599zano-inspire-inhalator-1-900x900-pad.jpg,ZANO inspire инхалатор,2980,"<p>ZANO inspire инхалатор. Целосен сет на додатоци: 1.Комплет на инхалаторот, 2. Цевка за вдишување, 3.Комплети(делови) за уста, 4. Маска за возрасни + маска за деца, 5.Филтри -5бр. Ниско ниво на бучава за време на работа (55db) , Компактност - Компатибилна големина и дизајн, Ефикасен третмант - Оптимална големина на честичките за ефикасно лекување , Погоден за деца и возрасни, Низок резидуален волумен. ЗАБАВНИ НАЛЕПНИЦИ - САМИ КРЕИРАЈТЕ ГО ВАШИОТ ZANO</p>",,zano-inspire-inhalator
38,PRIVATE,51,https://www.majafarm.mk/media/products/2024/01/28/1671726578liver-complex-kapsuli-za-vozrasni-30-kapsuli-1-900x900-pad.jpg,"Liver Complex капсули за возрасни, 30 капсули",540,"<p>Liver Complex капсули за возрасни, 30 капсули. Поддршка на функција на црн дроб и жолчно кесе. Поддршка на функција на црн дроб и жолчно кесе Редовно консумирање на алкохол и постојано внесување на масна храна може да го оптерети црниот дроб и да имаат влијание на неговата функција. И покрај неговата способност за делумно само регенерирање, потребно е да се води грижа за црниот дроб бидејќи претставува ризик за правилна исхрана и за детоксикација на штетни метаболити. Артичоката и екстрактот од Магарешки трн се две традиционално користени билки кои помагаат во одржување на здравјето на црниот дроб. Артичоката е единствено растение кое долго време е ценето поради неговите стимулативни својства на функцијата на црниот дроб. Една од неговите активни супстанци, цинарин, го стимулира протокот на жолчка, а со тоа и помагање на дигестијата. Магарешки трн е медитеранска билка добро позната во оваа област како тоник за црниот дроб. Содржи високи вредности на силимарин, мешавина од флавонолигнани кои ја зголемуваат активноста на ензимите во црниот дроб за детоксикација на штетни супстанции. Doppelherz&reg; aktiv Liver Complex ги содржи двете артичока и Магарешки трн за подобрување на дигестијата на тешки оброци како и за заштита и регенерација депонираното црнодробно ткиво. Б-витамините придонесуваат за нормален енергетски метаболизам Состав: 250мг екстракт од артичока (од кои полифенол &ge;5мг), 25мг екстракт од Магарешки трн (од кои флавонолигнани &ge;16мг), 5мг Цинк, 3мг Пантотенска киселина, 0.55мг Витамин Б1, 0.7мг Витамин Б2, 0.7 мг Витамин Б6.</p>",<p>Употреба: Земете 1 капсула на ден со оброк со доволно течност. Да не се џвака. Не ја надминувајте препорачаната дневна доза! Суплементи во исхраната не треба да се користат како замена за разновидна исхрана. Продуктот потребно е да се чува подалеку од дофат на деца.</p>,liver-complex-kapsuli-za-vozrasni-30-kapsuli
39,PRIVATE,51,https://www.majafarm.mk/media/products/2024/01/29/1654709847kollagen-11000-plus-vijali-za-vozrasni-30-vijali-1.jpg,"KOLLAGEN 11000 PLUS вијали за возрасни, 30 вијали",2850,"<p>KOLLAGEN 11000 PLUS вијали за возрасни,30 вијали. Шишенца со колаген хидролизат,хондроитин сулфат,витамини и елементи во трагови. Вкус на шумски плодови. За здрави и подвижни зглобови.</p>",,kollagen-11000-plus-vijali-za-vozrasni-30-vijali
40,PRIVATE,51,https://www.majafarm.mk/media/products/2024/01/29/1669029499stress-gute-nerven-tableti-30-tableti-1.jfif.jpg,"Stress-gute Nerven таблети, 30 таблети",590,"<p>Stress-gute Nerven таблети, 30 таблети. Doppelherz Stress &ndash; gute Nerven е додаток на исхраната, комбинација од Б витамини и екстракт од гинко билоба и лист од маточина за поддршка на функционирањето на нервниот систем. Главни карактеристики на Doppelherz Stress &ndash; gute Nerven: Содржи витамини Б кои го поддржуваат нормалното функционирање на нервниот систем. Со екстракт од лист од маточина и гинко билоба. Со една таблета од Doppelherz ја покривате вашата дневна потреба за сите Б витамини. Исто така, содржи 50 mg екстракт од гинко билоба и 40 mg екстракт од лист од маточина.</p>",,stress-gute-nerven-tableti-30-tableti
41,PRIVATE,51,https://www.majafarm.mk/media/products/2024/01/29/man-active1-450x450.jpg,Men Active капсули за мажи,675,"<p>Men Active капсули за мажи,30 капсули. Помага во поттикнување на машката сексуална активност,зголемување на либидото,потенцијата и сперматогенезата кај мажите. Пред употребата на лекот внимателно прочитајте го упатството! За ризикот и несаканите дејства советувајте се со лекар или фармацевт. Doppelherz</p>",,men-active-kapsuli-za-mazhi
42,PRIVATE,51,https://www.majafarm.mk/media/products/2024/01/29/1703155359kinder-multivitaminski-sirup-so-l-lysine-1-900x900-pad.jpg,KINDER мултивитамински сируп со L-Lysine,750,<p>KINDER мултивитамински сируп со L-Lysine 150ml. Пред употребата на лекот внимателно прочитајте го упатството! За ризикот и несаканите дејства советувајте се со лекар или фармацевт.</p>,,kinder-multivitaminski-sirup-so-l-lysine
43,PRIVATE,51,https://www.majafarm.mk/media/products/2024/01/29/1655382168diabetiker-vitamini-za-dijabetichari-30-tableti-1-900x900-pad.jpg,"Diabetiker витамини за дијабетичари, 30 таблети",595,"<p>Diabetiker витамини за дијабетичари, 30 таблети. Избалансираната исхрана игра важна улога кај дијабетичарите. Доволно снабдување со хром за дијабетичарите е многу важно бидејќи хромот придонесува за одржување на нормално ниво на шеќер во крвта. Витаминот Б6 има улога во нормалниот гликогенски метаболизам. Витамините Б6 и Б12, заедно со фолната киселина придонесуваат кон нормален метаболизам на хомоцистеин. Нормално ниво на хомоцистеин е важно за здрав кардио-васкуларен систем, а посебно за здрави крвни садови. Витаминот Ц придонесува кон нормално создавање на колаген, односно за нормална функција на крвните садови.Функционалните промени на панкреасот не дозволуваат правилно метаболизирање и искористување на шеќерите кои ги внесуваме па потребно е да се направи поддршка со одредена суплементација на есенцијални материи кои учестуваат во метаболизмот на шеќери.Diabetik витамини чествува во одржување на нормално ниво на гликозата во крвта. Лица над 16 години, една до две таблети дневно со храна. Пред употребата на лекот внимателно прочитајте го упатството! За ризикот и несаканите дејства советувајте се со лекар или фармацевт.</p>",,diabetiker-vitamini-za-dijabetichari-30-tableti
44,PRIVATE,58,https://www.majafarm.mk/media/products/2024/01/29/1654339162sendo-primo-aparat-za-merenje-na-krven-pritisok-1.jpg,SENDO PRIMO апарат за мерење на крвен притисок,1489,<p>SENDO PRIMO апарат за мерење на крвен притисок. 2 ГОДИНИ ГАРАНЦИЈА</p>,,sendo-primo-aparat-za-merenje-na-krven-pritisok
45,PRIVATE,36,https://www.majafarm.mk/media/products/2024/01/29/1654339097sendo-advance-3-digitalen-merach-na-krven-pritisok-1-900x900-pad.jpg,SENDO ADVANCE 3 дигитален мерач на крвен притисок,4315,<p>SENDO ADVANCE 3 дигитален мерач на крвен притисок. 5 ГОДИНИ ГАРАНЦИЈА</p>,,sendo-advance-3-digitalen-merach-na-krven-pritisok
54,PRIVATE,51,https://www.majafarm.mk/media/products/2024/01/30/4009932921724_DHS_Optimal_Eyes_Kap_30_fr_172922x.webp,"Eye Vital Plus Omega-3 капсули за возрасни,30 капсули",745,"<p>Eye Vital Plus Omega-3 капсули за возрасни,30 капсули Пред употребата на лекот внимателно прочитајте го упатството! За ризикот и несаканите дејства советувајте се со лекар или фармацевт. Doppelherz</p>",,eye-vital-plus-omega-3-kapsuli-za-vozrasni30-kapsuli
53,PRIVATE,62,https://www.majafarm.mk/media/products/2024/01/30/1654708734ch-alpha-flakoni-za-vozrasni-1-300x300-pad.jpg,"CH Alpha флакони за возрасни, 30 флакони",2850,"<p>CH Alpha флакони за возрасни,30 ампули. Состав: Активни компоненти: Биоактивен хидролизиран колагенски пептид. Адитиви: Вода, ацидулант, (цитрична киселина), малт екстрат, витамин Ц, арома, Калиум сорбат, вештачки засладувачи (ацесулфам-калиум, натриум цикламат, сукралоза). За дијабетичари: една единица (25 ml.) &lt; 0,2 Разменети единици Секоја CH Alpha вијала содржи 10 грама високо квалитетен биоактивен колагенски пептид кои учествува во стимулативен процес на рскавично ткиво како и поткрепа на тетиви лигаменти и менискус. Чување: Да се чува надвор од директна сончева светлина на сончева температура. Да се чува надвор од дофат на деца.</p>",<p>Препорачана доза: Една вијала на ден. Препорачуваме дневна доза од една вијала на ден низ период од 3 месеци. Вијалата се раствара во вода. Препораната дневна доза не се надминува.</p>,ch-alpha-flakoni-za-vozrasni-30-flakoni
59,PRIVATE,4,https://www.majafarm.mk/media/products/2024/02/26/1654860263cartinormbiocollagen-prashok-za-oralen-napitok-20-kjesichk_1a3fouQ.jpg,CARTINORM+BIOcollagen прашок за орален напиток 20 ќесички,1395,"<p>CARTINORM+BIOcollagen прашок за орален напиток,20 ќесички. Состав: Глукозамин сулфат, Хондроинтин суфат, Фортигел биоактивни колаген пептиди, Витамин Ц. Начин на употреба : Содржината на ќесичката да се раствори во чаша со вода. Да се зема во облик на напиток еднаш дневно. Пред употребата на лекот внимателно прочитајте го упатството! За ризикот и несаканите дејства советувајте се со лекар или фармацевт.</p>",,cartinormbiocollagen-prashok-za-oralen-napitok-20-kjesichki
57,PRIVATE,40,https://www.majafarm.mk/media/products/2024/01/30/FLEBAVEN_pack_30x1000mg_MKD.jpg,ФЛЕБАВЕН 1000 mg x 30 таблети,735,"<p>Флебавен ја намалува појавата на отоци (едеми) и има против-воспалителни дејства. Наменет е за употреба кај возрасни лица за лекување на знаци и симптоми на хронична венска болест, како што се болка, чувство за тежина во нозете, замор во нозете, немирни нозе, ноќни грчеви итн.</p>",<p>Флебавен треба да се зема заедно со оброците. Голтнете ја таблетата со малку течност.</p>,flebaven-1000-mg-x-30-tableti
58,PRIVATE,40,https://www.majafarm.mk/media/products/2024/01/30/FLEBAVEN_pack_30x500mg_MKD.jpg,ФЛЕБАВЕН 500 mg x 30 таблети,438,"<p>Флебавен ја намалува појавата на отоци (едеми) и има против-воспалителни дејства. Наменет е за употреба кај возрасни лица за лекување на знаци и симптоми на хронична венска болест, како што се болка, чувство за тежина во нозете, замор во нозете, немирни нозе, ноќни грчеви итн.</p>",<p>Флебавен треба да се зема заедно со оброците. Голтнете ја таблетата со малку течност.</p>,flebaven-500-mg-x-30-tableti
55,PRIVATE,48,https://www.majafarm.mk/media/products/2024/01/30/1660203155oligopinn-kapsuli-30-kapsuli-1-900x900-pad.jpg,"OLIGOPINN капсули, 30 капсули",1055,"<p>OLIGOPINN капсули, 30 капсули. OLIGOPINN&reg; e додаток во исхрана на база на сув екстракт на кора од приморски бор кој содржи стандардизиран состав на процијанидин, биофлавоноид, катехин и органски киселини. Екстрактот на кора од приморски бор ги штити крвните садови и придонесува во одржување на нормална циркулација. Моќен природен антиоксидант Ги штити крвните садови и обез бедува нормален проток на крвта Го подобрува тонусот и еластичноста на вените Го намалува крвниот притисок Спречува таложење на масти на ѕидовите на крвните садови Активни состојки Сув екстракт на кора од приморски бор (Pinus pinaster), 75 mg Индикации за употреба -Во примарна превенција на кардиоваскуларни болести: -Атеросклероза -Висок крвен притисок -Гојазност -Хиперлипидемија -Дијабетес мелитус -Венска стаза -Кај пациенти со високи нивоа на оксидативен стрес -Кај пациенти со висок крвен притисок</p>",<p>Начин на употреба Возрасни: 2 капсули на ден со 200 ml вода.</p>,oligopinn-kapsuli-30-kapsuli
60,PRIVATE,63,https://www.majafarm.mk/media/products/2024/02/26/1654161625alanerv-kapsuli-za-vozrasni-20-meki-kapsuli-1-900x900-pad.jpg,ALAnerv капсули за возрасни 20 меки капсули,1340,"<p>ALAnerv капсули за возрасни,20 меки капсули. Пред употребата на лекот внимателно прочитајте го упатството! За ризикот и несаканите дејства советувајте се со лекар или фармацевт</p>",,alanerv-kapsuli-za-vozrasni-20-meki-kapsuli
63,PRIVATE,66,https://www.majafarm.mk/media/products/2024/02/26/1689861635ge-132-kapsuli-60-kapsuli-1.jpg,"GE 132+ капсули, 60 капсули",4320,"<p>GE 132+ капсули, 60 капсули. Германиумот во Активна Органска форма како Ge 132 се смета за едно од најголемите откритија во нутритивниот пристап кон надминување на состојбите предизвикани од разни заболувања. Кај луѓето кои редовно го употребуваат, Ge 132 делува на тој начин што му помага на човековиот организам да се ослободи од токсичните материи кои ги внесува преку употреба на хемизирана храна, неквалитетна вода, загаден воздух и слично, овозможувајќи му на организмот самиот да ја надмине состојбата на нарушено здравје. Ge 132 денес во светски рамки се користи на повеќе начини, а во комбинација со соодветен и правилен начин на исхрана помага во надминување на дисбалансот во организмот кој се јавува при повеќето несакани состојби во организмот. Истиот може да се користи истовремено со разни терапии, додека во комбинација со одредени диети, тој во многу центри и советувалишта се користи за надминување на оксидативниот стрес и други несакани состојби во организмот. Несаканите и непожелни состојби во организмот, во последните децении добија епидемиски размери во целиот свет. Настанувањето на овие состојби е сложен процес со многубројни фактори кои ги предизвикуваат. Делумно можат да се припишат како наследни, но сепак во голема мера можат да бидат предизвикани заради загадената работна и животна средина, несоодветниот животен стил и навики, недоволната физичка активност, неправилната исхрана, загадената вода, прекумерното конзумирање алкохол, пушењето и слично.</p>","<p>Употреба: 1X1 капсула до 2X2 капсули, пред појадок и пред ручек со вода.</p>",ge-132-kapsuli-60-kapsuli
64,PRIVATE,67,https://www.majafarm.mk/media/products/2024/02/26/1655107939ducray-kelual-ds-tretmanski-shampon-za-poteshki-formi-na-p_CAQU1j7.jpg,DUCRAY KELUAL DS третмански шампон за потешки форми на првут 100ml,1107,"<p>DUCRAY KELUAL DS третмански шампон за потешки форми на првут 100ml. Наменет кај периодични појави на првут пратени со црвенило и интензивно чешање или како дополнителна нега кај скалп со себороичен дерматитис. Нанесете и измијте. Повторно нанесете, оставете да делува 3 минути и потоа измијте. Се употребува 3 пати неделно за време на 2 недели. Користете го еднаш неделно за време на фазата на одржување за долготрајна превенција на појава на првут.</p>",,ducray-kelual-ds-tretmanski-shampon-za-poteshki-formi-na-prvut-100ml
65,PRIVATE,18,https://www.majafarm.mk/media/products/2024/02/26/1679125115ellova-kjesichki-30-kjesichki-1.jpg,"Ellova ќесички, 30 ќесички",725,"<p>Ellova ќесички, 30 ќесички. Елова е додаток на исхрана со кој се обезбедуваат препорачаните дневни дози на миоинозитол и фолна киселина. Дополнителното земање на фолна киселина го зголемува статусот на фолна киселина кај мајката. Нискиот статусот на фолати кај мајката е фактор на ризик во развојот на дефекти на невралната туба кај фетусот во развој. Жени кои планираат бременост треба да консумираат дополнителна фолна киселина од 400 &mu;g дневно најмалку еден месец пред зачнување. СОСТАВ Мио-инозитол, полнило: растворлив пченкарен декстрин, арома: природна арома портокал, средство за регулирање на киселост: лимонска киселина, средство против згрутчување: силициум диоксид, фолна киселина (птероилмоноглутаминска киселина).</p>","<p>ПРЕПОРАЧАНО ДОЗИРАЊЕ НА ЕЛОВА Препорачано дневно дозирање на ЕлОва е 2 ќесички на ден / 12 часа, далеку од оброците, да се истурат директно во уста или да се растворат во вода, во времетраење од најмалку 3 месеци.</p>",ellova-kjesichki-30-kjesichki
66,PRIVATE,6,https://www.majafarm.mk/media/products/2024/02/26/1654343625bioderma-atoderm-maslo-za-tushiranje-1l-1.jpg,BIODERMA Atoderm масло за туширање 1l,1389,"<p>BIODERMA Atoderm масло за туширање 1l. За чувствителна сува и атопична кожа. Чисти, ги обновува липидите и смирува. Atoderm маслото за туширање ја смирува и штити кожата благодарение на неговата ексклузивна формула составена од природни биолипиди, витамин ПП и Skin Barrier therapy патент. Чувството на затегната кожа исчезнува веднаш после туширање. 24 часа хидратација. Многу хранливо. Против иритации. Возрасни, деца и новороденчиња. Лесно парфимирана формула. Офталмолошки тестирано. Употреба: Нанесете на мокра кожа, потоа исплакнете. За подобри резултати користете и Atoderm емолиентно средство за нега после туширање.</p>",,bioderma-atoderm-maslo-za-tushiranje-1l
67,PRIVATE,6,https://www.majafarm.mk/media/products/2024/02/26/1654692134bioderma-hydrabio-perfecteur-spf30-hidratanten-krem-za-sja_ElOhqxS.jpg,BIODERMA Hydrabio Perfecteur SPF30 хидратантен крем за сјајна кожа 40ml,1175,"<p>BIODERMA Hydrabio Perfecteur SPF30 хидратантен крем за сјајна кожа 40ml. Го воедначува тенот,ја освежува и штити кожата со еден лесен чекор.Идеален за чувствителна и дехидрирана кожа.</p>",,bioderma-hydrabio-perfecteur-spf30-hidratanten-krem-za-sjajna-kozha-40ml
68,PRIVATE,6,https://www.majafarm.mk/media/products/2024/02/26/1654347684bioderma-sebium-sensitive-krem-za-chuvstvitelna-koza-sklon_hTCkJXg.jpg,BIODERMA Sebium Sensitive крем за чувствителна кожа склона кон акни 30ml,1015,"<p>BIODERMA Sebium Sensitive крем за чувствителна кожа склона кон акни 30ml. Смирува, хидрира и отстранува неправилности кај чувствителна кожа склона кон акни. Ја смирува кожата која е под локална кератолитичка терапија. Ги отстранува лезиите со акни и црвенилото. Делува анти-инфламаторно и хидрира во тек на 12ч. Без кератолитичко дејство. Соодветна подлога за шминка. Употреба: Нанесете еднаш или двапати на ден на претходно исчистено лице со S&eacute;bium Gel moussant или S&eacute;bium H2O.</p>",,bioderma-sebium-sensitive-krem-za-chuvstvitelna-kozha-sklona-kon-akni-30ml
69,PRIVATE,6,https://www.majafarm.mk/media/products/2024/02/26/1654344839bioderma-sensibio-gel-za-mienje-200ml-1.jpg,BIODERMA Sensibio гел за миење 200ml,887,"<p>BIODERMA Sensibio гел за миење 200ml. Нежен гел за миење на чуствителна кожа. Со својата нежна формула и D.A.F. комплекс патентот, ја смирува кожата и го зголемува прагот на толеранција дури и кај најчувствителната кожа. Додека активните состојки ја имитираат структурата на кожата и овозможуваат липидно обновувачки и навлажнувачки својства. Нежно го чисти лицето и ја отстранува шминката од лицето и очите. Без сапун. Физиолошка pH вредност. Употреба: Наутро и/или навечер. Навлажнете го лицето. Мала количина од гелот втријте го меѓу дланките и со настанатата пена исчистете го лицето. Исплакнете со вода.</p>",,bioderma-sensibio-gel-za-mienje-200ml
70,PRIVATE,6,https://www.majafarm.mk/media/products/2024/02/26/1704539849bioderma-sensibio-h2o-micelarna-voda-500ml-1-900x900-pad.jpg,BIODERMA Sensibio H2О мицеларна вода 500ml,1298,"<p>BIODERMA Sensibio H2О мицеларна вода 500ml. Мицеларна вода за чувствителна кожа. Sensibio H2O e првата и единствена дерматолошка мицеларна вода совршено компатибилна со кожата: нејзините естри на масни киселини, составните елементи на мицелите, се слични на фосфолипидите на мембраните на клетките на кожата и природно помагаат во обновата на хидролипидниот слој на кожата. Ја отстранува шминката од лицето и очите. Ја смирува кожата и го поттикнува нејзиниот природен баланс. Употреба: Наутро и/или навечер. Со помош на тупфер исчистете го лицето и зоната околу очите. Не се измива.</p>",,bioderma-sensibio-h2o-micelarna-voda-500ml
46,PRIVATE,59,https://www.majafarm.mk/media/products/2024/02/26/омромm2_e_01-1-600x600.jpeg.webp,OMRON M2 апарат за притисок,3450,<p>неправилно откривање на отчукувањата на срцето содржи водич за завиткување на манжетната лесно се завиткува околу рака 1 корисник x 30 меморија Клинички потврден Интелегентна технологија која обезбедува точно и удобно мерење на притисокот Батерии: потребни се 4 АА батерии Манжетна: 22-32см</p>,,omron-m2-aparat-za-pritisok
71,PRIVATE,4,https://www.majafarm.mk/media/products/2024/02/26/fortacell-front-1-1000x1000.jpg.webp,"FORTACELL IMMUNO, 30 ќесички",3300,"<p>FORTACELL IMMUNO/ Диететски производ наменет за нутритивна поддршка при имунодефициентни состојби, после хемотерапија и зрачење. Се употребува и во случај на зголемен психофизички напор. Комплексниот состав на витамини, минерали и АК (амино киселини) доведува до: Намалување на замор, зголемување на менталните и физичките перформанси Ја зајакнува антиоксидантната одбрана Зајакнување на имунолошкиот одговор, со што се намалува ризикот од инфекции Таквиот комплексен состав влијае на различни процеси во телото и во целина доведува до зајакнување на имунитетот: Ја зголемува антиоксидантната одбрана и на тој начин ја штити клетката од оксидативен стрес &ndash; Витамин Ц, Д, Е, А, Б12, Cu, Mn Влијае на поделбата на имуните клетки &ndash; Zn, Se Влијае на созревањето на имуните клетки и производството на At &ndash; витамин А, Д, Ц, Е, фолати, Zn, Cu, Se, Одржување на интегритетот на кожата и мукозната мембрана во спречување на пенетрација на патогени &ndash; витамин А, витамин Б комплекс, аргинин Имуномодулаторна улога &ndash; витамин Д, Ц, Zn, Se, бета-каротен, Л-аргинин, Л-лизин</p>","<p>СОСТОЈКИ Л-аргинин, Л-лизин хидрохлорид, ретинил ацетат, Л-аскорбинска киселина, холекалциферол, токоферил ацетат, филохинон, тиамин мононитрат, рибофлавин 5-фосфат, пиридоксин хидрохлорид, Д-калциум никоферил ацетат, , бета-каротен, железо(II)-фумарат, цинк-глуконат, манган-сулфат, бакар-сулфат, натриум-селенит, хром-хлорид, калиум-јодид, натриум-молибдат, декстроза, малтодекстрин, киселост на регулатор: лимонска киселина; засладувачи: сукралоза и стевиол гликозиди; ароми на портокал и лимон; средство против стврднување: силициум диоксид. ПРЕДУПРЕДУВАЊА Се чува вон дофат на деца! Не ја надминувајте препорачаната доза. Не е за парентерална употреба. Производот не треба да го земаат луѓе кои се преосетливи на некоја од состојките на производот! НАЧИН НА ЧУВАЊЕ Да се ​​чува на температура до 25&deg;C во оригиналното пакување, заштитено од светлина и влага.</p>",fortacell-immuno-30-kjesichki
72,PRIVATE,68,https://www.majafarm.mk/media/products/2024/02/26/1655053757orthomol-immun-prashok30-doziranja-1.jpg,"ORTHOMOL IMMUN прашок,30 дозирања",3320,"<p>ORTHOMOL IMMUN прашок,30 дозирања. Што е Ортомол&reg; Имун? Ортомол&reg; Имун е диететска храна за специјални медицински цели. За диететско справување со недостатоците на имунолошиот систем поврзанисо исхраната (на пр. хронични инфекции на респираторниот тракт). Состојки во граничниот производ :Декстроза, малтодекстрин, киселина - лимонска киселина, натриум L-аскробат, L-аскорбинска киселина, арома, желатин (говедски), цинк глуконат, железо глуконат, никотинамид, тиамин мононитрат, рибофлавин, пиридоксин хидрохлорид, сахароза, калциум лактат, калциум-D-пантотенат, мешани токофероли, екстракт од цитрусно овошје богат со биофлавоноиди (од Citrus sp. ), манган сулфат, бета-каротен, бакар сулфат, птероил-моноглутаминска киселина, екстракт од Tagetes erecta богат со лутеин, ретинил ацетат, соини лецитини како емулгатор, ликопен (од Solanum lycopersicum), калиум јодид, D-биотин, хром (III) хлорид, натриум молибдат, натриум селенат, филокинон, холекалциферол, цијанокобаламин. Индикации: При состојби на намален имунитет (пр. рекурентни инфекции на средно уво) и подршка на имуниот систем во сезона на грип и настинки. Витамин Е, Витамин Ц и комбинирани каротеноиди вршат неутрализација на слободни радикали. Имаат улога на антиоксиданси, кои обезбедуваат заштита на клетките. Цинк, селен, манган, бакар и железо влијаат на активноста на клетките на имуниот систем, како важни компоненти за антиоксидативните ензими. Витамините од групата Б го подржуваат енергетскиот метаболизам, а витамин А е значаен за интегритетот на кожата и мукозните мембрани. Витамин Д учествува во модулирање на имуните клетки и го подобрува имунолошкиот статус.</p>","<p>Употреба: Земајте ја содржината од едно пакување (=дневна доза) секој ден, за време на или после оброк. Дневната доза може да се распредели неколку пати во текот на денот или може се земе оддеднаш. Се препорачува да се зема редовно и во текот на подолг временски период.</p>",orthomol-immun-prashok30-doziranja
73,PRIVATE,69,https://www.majafarm.mk/media/products/2024/02/26/Querci-C-slika.jpg.webp,QUERCI-C КВЕРЦЕТИН + Цинк + Вит. Ц,896,"<p>Кверцетин, Цинк и Витамин Ц Витаминот Ц и Цинкот придонесуваат за нормална функција на имуниот систем и придонесуваат во заштита на клетките од оксидативен стрес Состојки: кверцетин од Sophora Japonica L. тит. 98% кревцетин, витамин Ц (L-ascorbic acid), цинк сулфат, средство за глазирање: хидроксипропилметилцелулоза, супстанција против згрутчување: силициум диоксид, супстанција за зголемување за волуменот: двобазен калциум фосфат, боја: титаниум диоксид, супстанција против згрутчување: магнезиумови соли на масни киселини. Состав: Кверцетин &ndash; 200 мг L-ascorbic acid (Витамин Ц) &ndash; 200 мг Цинк сулфат од кои Цинк 22.72 мг Начин на чување: да се чува на ладно и суво место, подалеку од извори на топлина. Рокот на употреба се однесува на правилно чуван производ во неотворено пакување. Предупредување: не ја надминувајте препорачаната дневна доза. Да се чува подалеку од дофат на деца под три години. Додатоците на исхрана не се замена на разновидна и избалансирана исхрана и здрав начин на живот. Начин на употреба: една капсула на ден, далеку од оброци.</p>",,querci-c-kvercetin-cink-vit-c
74,PRIVATE,70,https://www.majafarm.mk/media/products/2024/02/27/1694588216dr-wolz-zell-oxygen-immunkomplex-100ml-gratis-jamieson-ad3_ik1MjTb.jpg,Dr. Wolz Zell Oxygen Immunkomplex 250ml,915,"<p>Dr. Wolz Zell Oxygen 250ml Zell Oxygen&reg; Immunkomplex е специјално создаден производ за здрав имунолошки систем. Се карактеризира со уникатната формула од одбрани биоактивни супстанци кој работат заедно во синергија како хармоничен оркестар. Бројни ин-виво и ин-витро научни студии ја докажуваат нејзината ефикасност. Покрај уникатните енземски клетки од квасец, Zell Oxygen&reg; Immunkomplex содржи висок процент на бета глукани и незаменливи елементи на селен, цинк, широк спектар на на витамини и корисни фитохемикалии од избрани и разновидни концентрати на овошје и зеленчук.</p>",,dr-wolz-zell-oxygen-immunkomplex-250ml
75,PRIVATE,71,https://www.majafarm.mk/media/products/2024/02/27/1699120961defendyl-imunoglukan-p4h-d3-junior-tableti-za-dzvakanje-30_XWUh3rU.jpg,"Defendyl Imunoglukan P4H D3 junior таблети за џвакање, 30 таблети",645,"<p>Defendyl Imunoglukan P4H D3 junior таблети за џвакање, 30 таблети. Defendyl-Imunoglukan P4H D3 таблети за џвакање наменети за деца над 3 години. Една таблета содржи природен IMG, изолиран од печурката буковка (50 mg), витамин Д (10 &micro;g = 400 IЕ) и цинк (5 mg). Таблетите имаат одличен вкус на малина и брзо се растопуваат во устата со џвакање. ВКУСНИ ТАБЛЕТИ ЗА ЈАКНЕЊЕ НА ИМУНИТЕТОТ НА ДЕЦАТА  за поддршка на имунолошкиот систем пред и за време на сезона на настинки  за дополнително надополнување на витаминот Д  помалку изостаноци од градинка и училиште  одличен вкус на малина и едноставна употреба MEDIS</p>",<p>Дозирање: Деца до 25 кг телесна тежина: 1 таблета на ден Деца над 25 кг телесна тежина: 2 таблети на ден Таблетите се земаат помеѓу два оброка со бавно џвакање или растоворање во уста. Може да се земаат подолг временски период. MEDIS</p>,defendyl-imunoglukan-p4h-d3-junior-tableti-za-dzhvakanje-30-tableti
76,PRIVATE,51,https://www.majafarm.mk/media/products/2024/02/27/1691263268kinder-omega-3-sirup-250ml-1-900x900-pad.jpg,Kinder Omega-3 сируп 250ml,915,"<p>Kinder Omega-3 сируп 250ml. Сирупот Doppelherz&reg; Kinder Omega-3 содржи високо прочистени омега-3 масни киселини од риба, како и Б-витамини кои играат централна улога во функцијата на мозокот и на нервниот систем, витамин Е и витамин Ц кои придонесуваат за го намалуваат оксидативниот стрес, витаминот Д кој е неопходен за правилно функционирање на имунолошкиот систем и витаминот А кој е важен за видот. Благодарение на инкапсулацијата на омега-3 масните киселини во микроскопски и неутрален вкус, сирупот Doppelherz&reg; Kinder Omega-3 нема вкус на риба: децата ќе го сакаат!</p>","<p>Употреба: 1-3 години 7,5ml дневно. 4-7 години 15ml дневно. Деца над 7 години 30ml дневно.</p>",kinder-omega-3-sirup-250ml
77,PRIVATE,72,https://www.majafarm.mk/media/products/2024/02/27/1697731148arthronal-kapsuli-90-kapsuli-1-900x900-pad.jpg,"ARTHRONAL капсули, 90 капсули",1775,"<p>ARTHRONAL капсули, 90 капсули. Arthronal&reg; е додаток во исхраната кој содржи компоненти кои позитивно влијаат на формирањето на колаген и сврзното ткиво, како и на нормалната функција на коските. Arthronal&reg; содржи активни компоненти на МСМ комплексот, глукозамин, екстракт од растение Therminalia chebula, хондроитин, хијалуронска киселина и фолна киселина. Содржи и бакар, манган, цинк, витамин Д и витамин Ц кои играат важна улога во процесот на формирање на колаген и сврзно ткиво, како и во нормалната функција на коските. Уникатна содржина: Метилсулфонилметан (MSM) &ndash; клучниот елемент на сврзното ткиво и синовијалната течност во најчистата форма на МСМ достапна на пазарот Глукозамин &ndash; висококвалитетен глукозамин &ndash; од растително потекло, кој не предизвикува стомачни проблеми и алергиски реакции поврзани со глукозамин изолиран во лушпата. Therminalia chebula &ndash; екстрактот од плодот на ова дрво е на врвот на листата на лековити растенија кои се користат за лекување на болести на зглобовите Хондроитин сулфат &ndash; компонента која природно може да се најде во екстрацелуларната матрица на зглобовите и која помага во подобрување на движењето на зглобовите и намалување на триењето помеѓу површините на зглобовите Хијалуронска киселина &ndash; може да се најде во сврзните ткива и во зглобовите и служи како лубрикант Витамин Ц &ndash; го овозможува процесот на формирање на колаген со што придонесува за нормална функција на коските и &lsquo;рскавицата Цинк &ndash; придонесува за одржување на нормалната структура на коските Манган &ndash; придонесува за одржување на нормалната функција на коските и нормалната структура на сврзното ткиво Бакар &ndash; придонесува за нормално одржување на нормалната структура на сврзното ткиво Фолати &ndash; придонесуваат за одржување на нормалната функција на имунолошкиот систем Витамин Д3 &ndash; придонесува за процесот на ресорпција/употребливост на калциумот и фосфорот и за одржување на нормалното ниво на калциум во крвта. Витаминот Д придонесува за одржување на нормалната структура на коските Употреба: Содржи комплекс од 11 избрани активни компоненти со синергетски ефект Има поволен ефект врз болката и ограниченото движење кај пациенти со остеоартроза на коленото, колкот, мали зглобови на рачниот зглоб и кај остеопороза на ниво на &lsquo;рбетниот столб Помага за нормално производство на колаген, сврзно ткиво и нормална функција на коските Го подобрува функционалниот капацитет на зглобовите Предизвикува здрав воспалителен одговор Помага во закрепнување по повреди на лигаментите и другите главни и странични елементи на зглобовите</p>","<p>Препорачана доза и употреба: Се препорачува да се земаат 6 капсули дневно во првите 4-6 недели, а потоа 3 капсули на ден. Дневната доза на капсули може да се зема еднаш или во неколку одделни дози во текот на денот. Во првите недели се препорачува да се земаат 3 капсули два пати на ден.</p>",arthronal-kapsuli-90-kapsuli
78,PRIVATE,22,https://www.majafarm.mk/media/products/2024/02/27/1654002090osteopan-tableti-za-vozrasni-30-tableti-1-900x900-pad.jpg,"Osteopan таблети за возрасни, 30 таблети",540,"<p>Osteopan таблети за возрасни,30 таблети. Состав: 1 таблета содржи: калциум 500 мг, лизин 10 мг, цинк 5 мг, бакар 1 мг, витамин К 30 мкг. Употреба: 1 таблета на ден со оброк и многу течност. -Калциумот е потребен за одржување на нормални коски и заби - Витаминот Д придонесува за нормална апсорпција, односно искористување на калциум и фосфор и за нормално ниво на калциум во крвта -Цинк, витамин Д и витамин К придонесуваат за одржување на нормалните коски -Бакарот придонесува за одржување на нормално сврзно ткиво Пред употребата на лекот внимателно прочитајте го упатството! За ризикот и несаканите дејства советувајте се со лекар или фармацевт.</p>",,osteopan-tableti-za-vozrasni-30-tableti
79,PRIVATE,73,https://www.majafarm.mk/media/products/2024/02/27/1697730567alpenflex-complex-tableti-40-tableti-1-900x900-pad.jpg,"AlpenFlex Complex таблети, 40 таблети",910,"<p>AlpenFlex Complex таблети, 40 таблети. Состав: Glukozamin sulfat 500mg. MCM 100mg. Chondroitin sulfat 100mg. Collagen 20mg. Hyaluronic Acid 18mg. Boswellia Serrata 50mg. Devil s Claw 50mg. Vitamins. Minerals.</p>",<p>Начин на употреба: Се препорачува една таблета дневно.</p>,alpenflex-complex-tableti-40-tableti
80,PRIVATE,74,https://www.majafarm.mk/media/products/2024/02/27/OsteoK2.jpg,"OsteoK2 таблети за возрасни,60 таблети",775,"<p>OsteoK2 таблети за возрасни,60 таблети. OстеоК2&reg; го чува здравјето на вашите коски и крвни садови така што: - ги јакне коските - го спречува создавањето калцификати во крвните садови, &lsquo;рскавицата и меките ткива -ги обезбедува неопходните дози на витамини и калциум OстеоK2&reg; содржи, покрај калциум и витамин Д3, и MenaQ7&reg;, патентиран екстракт од јапонска ферментирана соја Natto, кој претставува најбогат извор на природен витамин К. Сите три микронутриенти во составот на препаратот се потребни за одржување на нормални коски. Калциумот е неопходен за раст и јакнење на коските, а витаминот Д3 овозможува ресорпција на калциумот од цревата. Улогата на витаминот К2 во одржувањето на здравјето на коските, но и крвните садови, проучувана е во текот на последниве две децении. Сега е познато и докажано дека витаминот К2 е неопходен за правилно искористување на ресорбираниот калциум и негово потполно вградување во коските. Витаминот К2 е неопходен за активирање на протеини, Oстеокалцин и MatrixGla протеин, потребни за врзување на калциумот и неговото правилно искористување. Доколку овие протеини не се активирани не можат да го врзат калциумот. Пред употребата на лекот внимателно прочитајте го упатството! За ризикот и несаканите дејства советувајте се со лекар или фармацевт.</p>",,osteok2-tableti-za-vozrasni60-tableti
81,PRIVATE,75,https://www.majafarm.mk/media/products/2024/02/27/1653984899alvogen-ors-12-shumlivi-tableti-so-vkus-na-limon-1.jpg,Alvogen O.R.S. 12 шумливи таблети со вкус на лимон,335,"<p>Alvogen O.R.S. шумливи таблети со вкус на лимон,12 шумливи таблети. Употреба: Возрасни и деца над 20 кг Растворете 2 таблети во 200 ml вода. Растворот се пие голтка по голтка на одредено време и ова е најдобар начин растворот да се апсорбира во организмот. Доенчиња и деца до 10 кг Доволно е 1 таблета да се раствори во 100 ml вода. Почекајте да се раствори комплетно. Припремете 10 ml раствор на килограм телесна тежина. Давајте му на бебето/детето мали голтки во кратки интервали (пример на неколку минути). Растворот може да се дава со мала лажичка или во шишенце (стерилизирано). Дозата може да се повтори неколку пати во денот, во зависност од степенот на дехидратација. Растворот треба да се употреби по припремата. На собна температура има стабилност 8 часа, а во фрижидер може да се чува најдолго до 24 часа. Пред употребата на лекот внимателно прочитајте го упатството! За ризикот и несаканите дејства советувајте се со лекар или фармацевт.</p>",,alvogen-ors-12-shumlivi-tableti-so-vkus-na-limon
82,PRIVATE,75,https://www.majafarm.mk/media/products/2024/02/27/1655119723alvogen-ors-12-shumlivi-tableti-so-vkus-na-jagoda12-shumli_dAojD5R.jpg,"Alvogen O.R.S. 12 шумливи таблети со вкус на јагода,12 шумливи таблети.",335,"<p>Alvogen O.R.S. шумливи таблети со вкус на лимон,12 шумливи таблети. Употреба: Возрасни и деца над 20 кг Растворете 2 таблети во 200 ml вода. Растворот се пие голтка по голтка на одредено време и ова е најдобар начин растворот да се апсорбира во организмот. Доенчиња и деца до 10 кг Доволно е 1 таблета да се раствори во 100 ml вода. Почекајте да се раствори комплетно. Припремете 10 ml раствор на килограм телесна тежина. Давајте му на бебето/детето мали голтки во кратки интервали (пример на неколку минути). Растворот може да се дава со мала лажичка или во шишенце (стерилизирано). Дозата може да се повтори неколку пати во денот, во зависност од степенот на дехидратација. Растворот треба да се употреби по припремата. На собна температура има стабилност 8 часа, а во фрижидер може да се чува најдолго до 24 часа. Пред употребата на лекот внимателно прочитајте го упатството! За ризикот и несаканите дејства советувајте се со лекар или фармацевт.</p>",,alvogen-ors-12-shumlivi-tableti-so-vkus-na-jagoda12-shumlivi-tableti
83,PRIVATE,75,https://www.majafarm.mk/media/products/2024/02/27/1654243426persen-forte-kapsuli-za-vozrasni20-kapsuli-1-900x900-pad.jpg,"Persen Forte капсули за возрасни,20 капсули",310,"<p>Persen Forte капсули за возрасни,20 капсули. Состав -Екстракт од корен од валериjана 87.5mg -Екстрак од лист од маточина 17.5mg -Екстрак од лист од нане 17.5mg Употреба: Возрасни и адолесценти над 12 години : &ndash; при состојби на стрес, напнатост и раздразливост земете две капсули Персен Форте два пати на ден. &ndash; при несоница за полесно заспивање земете една капсула Персен Форте половина час до еден час пред спиење. Капсулите се голтаат со вода, независно од оброците. Дејството на Персен Форте се манифестира постепено. За да се постигне оптимален терапевтски ефект, потребно е капсулите непрекинато да се земаат најмалку 2 недели. Времетраењето на лекувањето не е ограничено. После долготрајна употреба на ПЕРСЕН Форте во препорачаните дози, не се јавува зависност од препаратот ниту апстиненцијални симптоми. Пред употребата на лекот внимателно прочитајте го упатството! За ризикот и несаканите дејства советувајте се со лекар или фармацевт</p>",,persen-forte-kapsuli-za-vozrasni20-kapsuli
84,PRIVATE,75,https://www.majafarm.mk/media/products/2024/02/27/1655043128persen-tableti-za-vozrasni40-tableti-1-900x900-pad.jpg,"Persen таблети за возрасни,40 таблети",316,"<p>Persen таблети за возрасни,40 таблети. Состав -Екстракт од корен од валериjана 35mg -Екстрак од лист од маточина 17.5mg -Екстрак од лист од нане 17.5mg Употреба: Возрасни и адолесценти над 12 години : &ndash; при состојби на стрес, напнатост и раздразливост земете три таблети Персен три пати на ден. &ndash; при несоница за полесно заспивање земете три таблети Персен половина час до еден час пред спиење. Таблетите се голтаат со вода, независно од оброците. Дејството на Персен се манифестира постепено. За да се постигне оптимален терапевтски ефект, потребно е таблетите непрекинато да се земаат најмалку 2 недели. Времетраењето на лекувањето не е ограничено. После долготрајна употреба на ПЕРСЕН во препорачаните дози, не се јавува зависност од препаратот ниту апстиненцијални симптоми. Пред употребата на лекот внимателно прочитајте го упатството! За ризикот и несаканите дејства советувајте се со лекар или фармацевт</p>",,persen-tableti-za-vozrasni40-tableti
85,PRIVATE,76,https://www.majafarm.mk/media/products/2024/02/27/1654861736urimil-kapsuli-za-vozrasni-30-kapsuli-1-900x900-pad.jpg,URIMIL капсули за возрасни 30 капсули,620,"<p>URIMIL капсули за возрасни,30 капсули. Додаток во исхраната што ја поддржува нормалната функција на периферниот нервен систем и обезбедува олеснување при пецкање и вкочанетост на рацете и на нозете. Создаден за да се грижи за половината, грбот и екстремитетите, секоја капсула Уримил содржи оптимална комбинација од 6 основни хранливи материи што помагаат во регенерација на оштетените неврони. Пред употребата на лекот внимателно прочитајте го упатството! За ризикот и несаканите дејства советувајте се со лекар или фармацевт.</p>",,urimil-kapsuli-za-vozrasni-30-kapsuli
86,PRIVATE,76,https://www.majafarm.mk/media/products/2024/02/27/1655550650urimil-forte-neuro-kapsuli-30-kapsuli-1-900x900-pad.jpg,"URIMIL FORTE NEURO капсули, 30 капсули",768,"<p>&nbsp;Уримил Форте е НОВА формула со 9 активни состојки за нормално функционирање на периферниот нервен систем, нормална мускулна функција и состојба на коските. Ова е најмодерниот и најмоќниот член на семејството Уримил, препорачан од европски невролози и специјалисти за болка. Уримил Форте се заснова на синергетска комбинација на нуклеотидите уридин и цитидин. Тие се вклучени во изградбата на нашата ДНК и РНК и играат централна улога во клеточниот метаболизам, обезбедувајќи енергија за синтеза на протеините и клеточните мембрани. Тие се вклучени во меѓуклеточната сигнализација и се дел од важни кофактори на голем број ензимски реакции. Уридин и цитидин се вклучени во почетното формирање на нервниот систем, како и во неговиот понатамошен развој и обновување. Тие исто така придонесуваат за комуникација помеѓу нервните клетки и регулирање на нервната активност. Комбинираното дејство на уридин и цитидин е надополнето со специјално избрани витамини и магнезиум, кои играат важна улога во целокупниот ефект на формулата. Безбедноста и ефикасноста на секоја од состојките на Уримил Форте се тестирани со бројни претклинички и клинички студии. Предности на Уримил Форте: Иновација: најновиот и најмоќниот член на семејството Уримил досега. Синергија: 9 активни компоненти со оптимална доза и комплементарно дејство. Квалитет: внимателно избрани состојки и одговорно развиена формула во согласност со највисоките стандарди за квалитет. Научна поткрепеност: Уримил Форте се потпира на науката за да им помогне на луѓето &ndash; дејството на сите негови состојки е потврдено со научни методи. Чистота: 0% содржина на титаниум диоксид. Погодност: Само 1 капсула дневно. Економичност: пакување кое обезбедува 30-дневен внес. Активни состојки (во 1 капсула): Магнезиум (како 696.551 mg магнезиум цитрат): 101 mg Уридин монофосфат (UMP) (нуклеотид): 65 mg Цитидин монофосфат (нуклеотид): 5 mg Витамин Б3 (никотинамид): 10 mg Витамин Б6 (пиридоксин хидрохлорид): 6 mg Витамин Б1 (тиамин хидрохлорид): 4 mg Фолна киселина: 400 mcg Витамин Д (холекалциферол): 10 mcg Витамин Б12 (цијанокобаламин): 10 mcg Други состојки: магнезиум стеарат и микрокристална целулоза (емулгатори), силициум диоксид. Препорачана доза: Земете 1 капсула Уримил Форте дневно. Период на користење: За оптимален ефект, се препорачува земање на Уримил Форте 3-6 месеци.</p>",,urimil-forte-neuro-kapsuli-30-kapsuli
87,PRIVATE,76,https://www.majafarm.mk/media/products/2024/02/27/1654861791urimil-plus-kapsuli-za-vozrasni-30-kapsuli-1.jpg,URIMIL PLUS капсули за возрасни 30 капсули,740,"<p>URIMil PLUS капсули за возрасни,30 капсули. Додаток во исхраната што ја поддржува нормалната функција на периферниот нервен систем. Создаден за да се грижи за половината и грбот, секоја капсула Уримил Плус содржи оптимална комбинација од 7 хранливи состојки кои помагаат во регенерацијата на оштетените неврони. Пред употребата на лекот внимателно прочитајте го упатството! За ризикот и несаканите дејства советувајте се со лекар или фармацевт.</p>",,urimil-plus-kapsuli-za-vozrasni-30-kapsuli
88,PRIVATE,53,https://www.majafarm.mk/media/products/2024/02/27/1653982659linex-forte-kapsuli-14-kapsuli-1-900x900-pad.jpg,"Linex forte капсули, 14 капсули",298,"<p>Linex forte капсули,16 капсули. Пред употребата на лекот внимателно прочитајте го упатството! За ризикот и несаканите дејства советувајте се со лекар или фармацевт. Lek</p>",,linex-forte-kapsuli-14-kapsuli
89,PRIVATE,53,https://www.majafarm.mk/media/products/2024/02/27/1653982602linex-kapsuli-16-kapsuli-1-900x900-pad.jpg,"Linex капсули, 16 капсули",248,"<p>Linex капсули,16 капсули. Пред употребата на лекот внимателно прочитајте го упатството! За ризикот и несаканите дејства советувајте се со лекар или фармацевт.</p>",,linex-kapsuli-16-kapsuli
90,PRIVATE,53,https://www.majafarm.mk/media/products/2024/02/27/1653982775linex-complex-kapsuli-14-kapsuli-1-900x900-pad.jpg,"Linex complex капсули, 14 капсули",355,"<p>&nbsp;Линекс Комплекс содржи: Пробиотик: Lactobacillus rhamnosus GG. Витамини: B1 (тиамин), B2 (рибофлавин), B6 (пиридоксин) Минерал: Цинк Млечно &ndash; киселински бактерии / Lactobacillus rhamnosus GG Лактобацилите (млечно-киселински бактерии) покрај другите бактерии од цревната микрофлора, се нормално присутни во тенкото и во дебелото црево. Тие ја одржуваат структурата на интестиналните клетки и нивните врски, ја одржуваат здравата киселинско - базна рамнотежа која е потребна за нормално функционирање на дигестивните ензими, го спречуваат прекумерниот раст на штетните бактерии, влијаат на цревната подвижност (перисталтика) и го стимулираат имунолошкиот систем. Здравата рамнотежа на цревната микрофлора може да биде нарушена од голем број на фактори, како што се: - вирусни и бактериски цревни инфекции (на пример: ротавирус инфекции при патување), -лекување со антибиотици, -несоодветна или неизбалансирана исхрана, - стрес, -нарушен биоритам. Нарушувањето на рамнотежата на цревната микрофлора (дисбиоза/дисбактериоза) се манифестира со гастроинтестинални нарушувања како стомачни грчеви, надуеност, дијареја, ослабен имунолошки систем или кожни алергии како атопичен дерматит. Употребата на Lactobacillus rhamnosus GG кој го има во Линекс Комплекс е од корист за воспоставување и одржување на физиолошката рамнотежа на цревната микрофлора. Големиот број на научни публикации и клинички студии за Lactobacillus rhamnosus GG укажуваат на тоа дека овој пробиотски сој може да има корисни ефекти за гастроинтестиналната и имунолошката функција, а докажано е дека истиот е безбеден и добро толериран. Поради ова, сојот Lactobacillus rhamnosus GG се препорачува од страна на многу експерти. Витамини B1, B2, B6 и минерал цинк Витамините и минералите се важни за нашата добросостојба и функционирањето на нашето тело. Количеството на витамини и минерали во нашето тело се намалува доколку имаме сиромашна диета, доколу телото има зголемени потреби или доколку има нивен голем губиток. Дехидратацијата и недостатокот на содржаните (или некои други) витамини и минерали предизвикува, покрај другите симптоми, и замор и истоштеност, недостаток на енергија и слабеење на имунолошкиот систем. Горенаведените витамини и минерали придонесуваат за: -одржување на нормални мукозни мембрани (B2), -нормален метаболизам на макронутриенти, јаглехидрати, масни киселини и ацидо-базен метаболизам (Zn), -нормална синтеза на протеини (Zn), -нормално ослободување на енергија во процесот на метаболизам (B1, B2, B6), -намалување на замор и истоштеност (B2, B6), -нормални психолошки функции (B1, B6), -нормална функција на имунолошкиот систем (B6, Zn), -заштита на содржината на клетките од оксидативно оштетување (B2, Zn). Како да го употребувате Линeкс Комплекс Линекс Комплекс е наменет за возрасни и деца над 6 години: препорачаната дневна доза изнесува 1-2 капсули на ден. Пред употребата на лекот внимателно прочитајте го упатството! За ризикот и несаканите дејства советувајте се со лекар или фармацевт.</p>",,linex-complex-kapsuli-14-kapsuli
91,PRIVATE,53,https://www.majafarm.mk/media/products/2024/02/27/1653982540linex-kapki-za-deca-8ml-1-900x900-pad.jpg,Linex капки за деца 8ml,375,<p>Linex капки за деца 8ml. Пред употребата на лекот внимателно прочитајте го упатството! За ризикот и несаканите дејства советувајте се со лекар или фармацевт.</p>,,linex-kapki-za-deca-8ml
93,PRIVATE,77,https://www.majafarm.mk/media/products/2024/02/27/1653984156duobiotic-kapsuli10-kapsuli-1-900x900-pad.jpg,"Duobiotic капсули,10 капсули",210,"<p>Duobiotic капсули,10 капсули. ПОМОШ ВО ЗАЧУВУВАЊЕТО НА ЗДРАВА ЦРЕВНА ФЛОРА Високата концентрација на пробиотик придонесува за: - воспоставување на балансот на цревната микрофлора - регулирање на работата на цревата и на варењето ДуоБиотик&reg; содржи и пробиотик и пребиотик. ДуоБиотик&reg; капсулите се добиваат со патентиран процес на микроенкапсулација на култура на квасец, Saccharomyces boulardii, кој овозможува максимална заштита кон желудочната киселина, голема биорасположливост на живите организми во цревата и постигнување на брз ефект. Пробиотичката култура Saccharomyces boulardii во составот на овој препарат, за разлика од бактериските култури кои најчесто се користат како пробиотици, е природно отпорна на киселата средина на желудникот. Пребиотиците не се живи микроорганизми, туку несварливи јаглени хидрати кои служат како храна на &bdquo;добрите&ldquo; бактерии во дебелото црево. Тие се од растително потекло и овозможуваат пораст и поголема активност на корисните бактерии. ДуоБиотик&reg; се препорачува на возрасни и деца постари од 3 години: кај пореметена функција на цревата, кај лица со лоши навики во исхраната и лица кои се под постојан стрес. ДуоБиотик&reg; ја подобрува функцијата на цревата и го регулира варењето, помага во одржувањето на здрава микрофлора на цревата и повторно го воспоставува природниот состав на нарушената микрофлора, учествува во јакнењето на имунитетот и поволно влијаа врз здравјето на организмот. Пред употребата на лекот внимателно прочитајте го упатството! За ризикот и несаканите дејства советувајте се со лекар или фармацевт.</p>",,duobiotic-kapsuli10-kapsuli
94,PRIVATE,53,https://www.majafarm.mk/media/products/2024/02/27/1653909580acc-600mg-shumlivi-tableti-za-vozrasni-10-shumlivi-tableti_N5aupdd.jpg,ACC 600mg шумливи таблети за возрасни 10 шумливи таблети,240,"<p>ACC 600 mg шумливи таблети за возрасни, 10 шумливи таблети. Состав: Acetylcysteine. Се користи при воспаление на дишните патишта. Ја смалува густината на настанатиот секрет со што го олеснува искашлувањето. Пред употребата на лекот внимателно прочитајте го упатството! За ризикот и несаканите дејства советувајте се со лекар или фармацевт.</p>",,acc-600mg-shumlivi-tableti-za-vozrasni-10-shumlivi-tableti
95,PRIVATE,35,https://www.majafarm.mk/media/products/2024/02/27/1654616112revalid-shampon-za-stimulacija-na-rast-na-kosa-200ml-1-900x900-pad.jpg,Revalid шампон за стимулација на раст на коса 200ml,925,"<p>Revalid шампон за стимулација на раст на коса 200ml. Revalid шампонот за стимулација на раст содржи Redensyl, иновативна состојка која докажано ги обновува клетките во фоликулите одговорни за раст на косата. Составена е од две патентирани молекули - DHQG, добиени од екстракт од ариш и EGCG2, кои се наоѓаат во листовите на зелениот чај - во комбинација со цинк и амино киселината глицин. Екстрактот од швајцарска Artemisia и пантенолот чистат нежно, додека ја хидрираат и зајакнуваат Вашата коса. Revalid шампонот за стимулација на растот обезбедува оптимална грижа и ја подготвува косата за третман против опаѓање со Revalid&reg; серумот за раст. Без парабени, сулфати и силикон</p>",,revalid-shampon-za-stimulacija-na-rast-na-kosa-200ml
96,PRIVATE,35,https://www.majafarm.mk/media/products/2024/02/27/1654697836revalid-shampon-protiv-prvut-250ml-1-900x900-pad.jpg,Revalid шампон против првут 250ml,765,"<p>Revalid шампон против првут 250ml. Revalid&reg; шампонот против првут комбинира разновидни активни состојки за да обезбеди ефикасно и долготрајно отстранување на првутот. Активните состојки го враќаат нормалното хидрирање на скалпот и спречуваат формирање на нови лушпи. Во исто време, екстрактот од коприва, пантенолот и алантоинот го смируваат скалпот и го намалуваат непријатното чешање. Благодарение на неговиот состав, Revalid&reg; шампонот против првут е погоден за секојдневна употреба. Во клинички услови, Revalid&reg; шампонот против првут покажа исклучително добра подносливост при дерматолошкото тестирање. Без парабени и силикон</p>",,revalid-shampon-protiv-prvut-250ml
97,PRIVATE,35,https://www.majafarm.mk/media/products/2024/02/27/1704280984revalid-men-energetski-shampon-za-mazi-200ml-1-900x900-pad.jpg,Revalid Men енергетски шампон за мажи 200ml,965,"<p>Revalid Men енергетски шампон за мажи 200ml. Енергичниот шампон со активни состојки Redensyl&reg; и SantEnergy&trade; го стимулира скалпот и помага во борбата против опаѓањето на косата. Се состои од две патентирани молекули кои помагаат за хидратација и стимулирање на скалпот. Ги штити фоликулите на косата од внатрешно и надворешно оштетување и го одложува нивното предвремено стареење. Во исто време, го забрзува растот на косата и ја зголемува нејзината густина. Состав: Aqua (Water), Sodium Lauroyl Methyl Isethionate, Cocamidopropyl Betaine, Sodium Methyl Oleoyl Taurate, Sodium Cocoyl Isethionate, Sodium PCA, Disodium Cocoyl Glutamate, Phenoxyethanol, PEG-120 Methyl Glucose Dioleate, Panthenol, Parfum (Fragrance), Sodium Chloride, Ethylhexylglycerin, Polyquaternium-110, Trisodium Ethylenediamine Disuccinate, Sodium Benzoate, Glycerin, Citric Acid, Ethanol, Pentylene Glycol, Bioflavonoids, Artemisia Umbelliformis Extract, Glycine, Larix Europaea Wood Extract, Potassium Sorbate, Sodium Metabisulfite, Tocopherol, Camellia Sinensis (Green Tea) Leaf Extract, Zinc Chloride. Не содржи парабени, сулфати или силикони.</p>",,revalid-men-energetski-shampon-za-mazhi-200ml
98,PRIVATE,47,https://www.majafarm.mk/media/products/2024/02/27/1654241384entan-kapsuli-za-vozrasni-1.jpg,Entan капсули за возрасни,530,"<p>Entan капсули за возрасни,30 капсули. Пред употребата на лекот внимателно прочитајте го упатството! За ризикот и несаканите дејства советувајте се со лекар или фармацевт. Borola</p>",,entan-kapsuli-za-vozrasni
99,PRIVATE,76,https://www.majafarm.mk/media/products/2024/02/27/1700223415citioptic-forte-kapsuli-30-kapsuli-1-900x900-pad.jpg,"Citioptic Forte капсули, 30 капсули",945,"<p>Citioptic Forte капсули, 30 капсули. Секоја од капсулите Citioptic Forte содржи 720 mg моќни состојки, дизајнирани да обезбедат активна поддршка на оптичкиот нерв и да ја одржуваат неговата оптимална физиолошка функција. Со комбинирање на цитиколин, ниацин и тиамин, Citioptic Forte нуди сеопфатно решение за промовирање на нормалната функција на видот. Цитиколинот, прекурсор на фосфолипидите, игра витална улога во обновувањето на клеточните мембрани во нервните клетки, клучно за воспоставување и одржување на правилна функција на видот. Составот на секоја капсула Citioptic Forte е следниот: Цитиколин: 500 mg Витамин Б3 ниацин (никотинамид): 30 mg NE (312,5% NRV*) Витамин Б1 (тиамин хидрохлорид): 14 mg (636,36% NRV*) Дополнителни состојки вклучуваат микрокристална целулоза, магнезиум стеарат и силициум диоксид. Ве молиме имајте во предвид дека сите вредности се засноваат на референтни нутритивни вредности. Пред употреба на капсулите Citioptic Forte, важно е да имате одредени информации. Овие капсули не се наменети за употреба од бремени жени или доилки, лица со позната преосетливост на некоја од состојките или деца. За да се обезбедат оптимални резултати, препорачаната доза е една (1) капсула дневно. Како и со секој фармацевтски производ, од клучно значење е да се познаваат потенцијалните несакани ефекти. Избегнувајте надминување на препорачаната дневна доза, чувајте ги капсулите подалеку од дофат на деца и не користете ги по истекот на рокот.</p>",,citioptic-forte-kapsuli-30-kapsuli
100,PRIVATE,77,https://www.majafarm.mk/media/products/2024/02/27/1655044909utidry-kapsuli-za-vozrasni-30-kapsuli-1-900x900-pad.jpg,"Utidry капсули за возрасни, 30 капсули",645,"<p>Utidry капсули за возрасни,30 капсули. Подршка на правилното функционирање на: -бешиката - долниот уринарен тракт Природен препарат чијшто единствен состав од билни екстракти со стандардизиран квалитет обезбедува поддршка на правилното функционирање на бешиката и долниот уринарен тракт кај жените, во смисла на одржувањето контрола на мокрењето. Производот содржи екстракт од семето од тиква и изофлавони од сојино семе. Состав: Една капсула содржи: DropsordryTM (стандардизирана мешавина на сув екстракт од семе од тиква, Cucurbita pepo и изафлавон од сојино семе, Glycine Max со мин. 4,5 % изофлавон и мин.1,75 % ентеродиол) 500 mg (22,5 mg изофлавон и 8,75 mg ентеродиол) Употреба: Жени постари од 18 години: Два пати дневно по една капсула првите четири недели, потоа една капсула дневно во наредните 20 недели. Пред употребата на лекот внимателно прочитајте го упатството! За ризикот и несаканите дејства советувајте се со лекар или фармацевт.</p>",,utidry-kapsuli-za-vozrasni-30-kapsuli
101,PRIVATE,77,https://www.majafarm.mk/media/products/2024/02/27/1656085308utibhp-kapsuli-30-kapsuli-1-900x900-pad.jpg,"UtiBHP капсули, 30 капсули",685,"<p>UtiBHP капсули, 30 капсули. UtiBHP капсулите содржат Plasys 300&reg; и селен. Plasys 300&reg; стандардизирана мешавина од сув екстракт од полен од &#39;рж (Secale cereale) и бета-ситостерол од кора од бор (Pinus spp.) 300 мг (150 мг бета-ситостерол и 3 мг есенцијални амино киселини). Екстрактот од полен од &#39;рж помага за одржување на здрава простата и мочен меур кај мажите. Есенцијалните амино киселини од полен од &#39;рж од екстрактот Plasys 300&reg;, кој е дел од производот UtiBHP, имаат антиинфламаторно (антивоспалително) дејство. Бета-ситостеролите од екстрактот Plasys 300&reg; помагаат да се инхибира ензимот 5-&alpha;-редуктаза, кој е одговорен за регулирање на нивото на тестостерон, со што се намалува нивото на тестостерон на простатата, што ги ублажува симптомите на бенигна хиперплазија. Во исто време, овие супстанции помагаат да се спречи растот на клетките на простатата. Со дејство на активните компоненти од екстрактот Plasys, правилната и континуирана употреба на UtiBHP доведува до инхибиција на зголемувањето на простатата и подобрување на симптомите на LUTS: фреквенција, ноктурија, итност, складирање, чувство на нецелосно празнење. Селенот придонесува за заштита на клетките од оксидативен стрес и нормална сперматогенеза. Пред употребата на лекот внимателно прочитајте го упатството! За ризикот и несаканите дејства советувајте се со лекар или фармацевт.</p>",,utibhp-kapsuli-30-kapsuli
102,PRIVATE,77,https://www.majafarm.mk/media/products/2024/02/27/Oestrofact.jpg,"Oestrofact E, 50 капсули",635,"<p>Oestrofact E / Estrofakt E/ Естрофакт Е/ Производ од природно потекло, со црвена детелина и витамин Е, кој обезбедува оптимален ефект во времето на менопаузата. Фитоестрогената црвена детелина го имитира ефектот на естрогенот во телото, а со тоа им помага на регулирање на хормоналниот баланс кој е нарушен по влегувааќето во менопауза. Стандардизиран сув екстракт од црвена детелина (Trifolium pratense) е единствен извор на фитоестрогени, бидејќи во него има четири активни изофлавони, за разлика од некои други растителни извори (соја, итн) тој не носат ризик од генетската модификација.</p>",,oestrofact-e-50-kapsuli
103,PRIVATE,78,https://www.majafarm.mk/media/products/2024/02/27/1677082914hartikol-plus-kapsuli-30-kapsuli-1-900x900-pad.jpg,"Hartikol Plus капсули, 30 капсули",525,"<p>Hartikol Plus капсули, 30 капсули. Додатокот на храна базиран на црвен ориз и артичока помага во регулирање на нивото на холестерол во крвта, придонесува за нормална работа на срцето, нормален метаболизам на липиди и хомоцистеин. Во една капсула: - сув екстракт од ферментиран црвен ориз 85 mg, од кои монаколин 2,9 mg - холин 82,5 mg -тиамин (витамин Б1) 1,1 mg - сув екстракт од лист од артишок стандардизиран на 5% цинарин 155 mg - фолна киселина 200&mu;g</p>","<p>Употреба: Една капсула дневно, да се зема по последен оброк, со половина чаша вода.</p>",hartikol-plus-kapsuli-30-kapsuli

